source_id,group,kind,protocol_version,codec,rate,depth,bitrate,config,extension,snr_db,tail_snr_db,raw_snr_db,delay_samples,delay_ms,distortion,tail_distortion,active_frames,decoded_samples,reference_samples,bytes,actual_decoder,decoded_rate,encoded_ms,decoded_ms,metrics_ms,effective_kbps,encoded_sha256,policy,spectral_convergence,lsd_db,stoi,passes_global,passes_tail,passes_both
supplied_speech,supplied_speech,speech,1.1,aac,16000,0,64000,aac_16000_64000,.aac,21.168758484578714,8.85616166192012,-2.7873433836383366,3072,64.0,0.007640541721375477,0.1301319188857793,95,291840,286442,23443,aac,16000,26.137900014873594,14.267600025050342,29.268099984619766,31.427346548341376,c233c2d080e788cf4cc73cab45713dc93e4a28290cc71630205177c3542e7a16,Global-only,0.0806525269662943,1.1831172379585033,0.9997665259377327,True,False,False
supplied_speech,supplied_speech,speech,1.1,aac,48000,0,96000,aac_48000_96000,.aac,29.99710518214727,15.166885563524577,-2.761684292544179,1024,21.333333333333332,0.0010006667786415758,0.030430665039745508,95,287744,286442,34115,aac,48000,39.4287999952212,19.648200017400086,26.794100005645305,45.73407531018496,b705773ed3e4c62da939533b1d994c06ed1e1700c08ff03d86afcf2c8c4f6da8,Tail-constrained,0.023619943361329672,0.5103654013510387,0.9972593614703193,True,True,True
supplied_speech,supplied_speech,speech,1.1,mp3,48000,0,128000,mp3_48000_128000,.mp3,25.712990803485308,22.025288671622334,25.712990803485308,0,0.0,0.0026834957984676394,0.006272939989323348,95,286442,286442,96428,mp3float,48000,20.285799982957542,14.694899960886687,25.659100036136806,129.2699813574825,1397a4650f3f029aef4d43dc82f2957e0567073d97ddd0829bcc5a77ade9d721,MP3-128,0.0510238908755564,0.23575585215694436,0.9998648065394062,True,True,True
supplied_speech,supplied_speech,speech,1.1,aac,48000,0,128000,aac_48000_128000,.aac,36.175338547290025,22.019002296792237,-2.7682467412436687,1024,21.333333333333332,0.00024124934632071548,0.006282026590167501,95,287744,286442,44609,aac,48000,36.0594000085257,16.563999990466982,27.94459997676313,59.80217984792733,8c999896230e50174a2724fcadd45efcadee9738815c599ba668b1ead4482a31,AAC-128,0.011677777331885913,0.2914569009647369,0.9991682978783258,True,True,True
supplied_speech,supplied_speech,speech,1.1,opus,48000,0,64000,opus_48000_64000,.ogg,20.986533667124686,9.649033961004667,20.986533667124686,0,0.0,0.007967950607683964,0.10841680481315437,95,286442,286442,48428,opus,48000,28.81420002086088,20.050999999511987,25.30149999074638,64.92187598187417,acdd10920ecd390a8b64e3542f20bdb7d406724a4077db46150ea788e91aada6,Opus-64,0.060438014141175514,0.7335242707963464,0.997853965371393,True,False,False
supplied_speech,supplied_speech,speech,1.1,wav,48000,16,0,wav_48000_16,.wav,79.5993940551051,57.07932567255297,79.5993940551051,0,0.0,1.0966311918052064e-08,1.9591488462128094e-06,95,286442,286442,572928,pcm_s16le,48000,6.1440999852493405,25.43619996868074,28.200100001413375,768.058985763261,63785b71dfb76ce25525b6b21bc4210a7900c4f3e7aa882af68130f1dc189be8,PCM-16,0.00011671310266145545,0.003095209385117408,0.9999999979587157,True,True,True
supplied_music,supplied_music,music,1.1,mp3,48000,0,32000,mp3_48000_32000,.mp3,22.67855303054969,13.139487139272196,22.67855303054969,0,0.0,0.005396904050092871,0.04853458115302929,500,480000,480000,40364,mp3float,48000,33.57020003022626,18.287999962922186,41.7192000313662,32.291199999999996,4d5a91880f4c3f97e749f55f3220c616a2a85243153cce409bc611a53f28974d,Global-only,0.07008438748468498,3.6262868294686244,,True,False,False
supplied_music,supplied_music,music,1.1,mp3,32000,0,64000,mp3_32000_64000,.mp3,24.262114354735587,15.416157496032355,24.262114354735587,0,0.0,0.003747904917567643,0.028733216843445403,500,480000,480000,80684,mp3float,32000,33.13460003118962,17.01749995118007,64.77990001440048,64.5472,6f9d63fa64299b22500af70b7ca221091240910ea515bfbf9a858da704b14a5a,Tail-constrained,0.06018434647619235,2.6989823716362187,,True,True,True
supplied_music,supplied_music,music,1.1,mp3,48000,0,128000,mp3_48000_128000,.mp3,25.228050336753984,18.643662071374806,25.228050336753984,0,0.0,0.003000509224941591,0.013665760111696188,500,480000,480000,160940,mp3float,48000,32.4786999844946,20.765099965501577,44.19069999130443,128.752,236ec80a428e1824447b10c747d396b74824024608b70636cf44f06fc2557ac2,MP3-128,0.05432862576257435,1.729473125688709,,True,True,True
supplied_music,supplied_music,music,1.1,aac,48000,0,128000,aac_48000_128000,.aac,38.39900975175919,22.22149476870905,-2.0328811740573,1024,21.333333333333332,0.00014457693875024913,0.005995846737569151,500,481280,480000,169340,aac,48000,171.02609999710694,33.32170000066981,48.19850000785664,135.472,4baa3fb9fc6b3cad794039318be136fcac0a16e8c898af6273fc74dc3b7b975f,AAC-128,0.008690437476003586,0.6622741153759799,,True,True,True
supplied_music,supplied_music,music,1.1,opus,48000,0,64000,opus_48000_64000,.ogg,24.631941561585652,14.914829290176312,24.631941561585652,0,0.0,0.0034419601971900646,0.032249060794645026,500,480000,480000,81085,opus,48000,39.67139997985214,29.92409997386858,44.31500000646338,64.868,55d5f7b1bffe18c1a91106a57c61060b7475561c3ae7854badfe6b0107745bf7,Opus-64,0.042947064193081905,2.3620320028806976,,True,False,False
supplied_music,supplied_music,music,1.1,wav,48000,16,0,wav_48000_16,.wav,82.83974758309695,64.3918693596715,82.83974758309695,0,0.0,5.200262201718429e-09,3.63758427712525e-07,500,480000,480000,960044,pcm_s16le,48000,8.088500006124377,31.434200005605817,43.68370003066957,768.0351999999999,ca957c48bd8b24f02cd188edb12eb78c8ebf05e6d31410f9270a7620781aed97,PCM-16,8.252555831043532e-05,0.01103116321337595,,True,True,True
libri_84-121123-0002,public_speech,speech,1.1,mp3,16000,0,32000,mp3_16000_32000,.mp3,21.80108672710925,4.506707658880503,21.80108672710925,0,0.0,0.006605281445816571,0.3542658045181753,274,96000,96000,24560,mp3float,16000,32.291000010445714,22.73540000896901,12.450800044462085,32.74666666666667,de45d00ae55181bdf193057a5259bfc9e4fe416577b57f3744e5b868bba34347,Global-only,0.07020712735150701,2.915777207909479,0.9938284676789872,True,False,False
libri_84-121123-0002,public_speech,speech,1.1,aac,16000,0,64000,aac_16000_64000,.aac,38.84804097188674,18.318053121371094,-3.094612448678907,1024,64.0,0.00013037547472942036,0.014729726665488246,274,97280,96000,52064,aac,16000,89.31259997189045,18.573699984699488,16.48569997632876,69.41866666666667,ab94f5535147bce24a3a9cf3aa5fe1387def9820a8a98efe80a38069731f19b9,Tail-constrained,0.008524908808803976,0.5680402206090107,0.9996081941803564,True,True,True
libri_84-121123-0002,public_speech,speech,1.1,mp3,16000,0,128000,mp3_16000_128000,.mp3,24.816075596042065,10.41334624358836,24.816075596042065,0,0.0,0.003299076911571256,0.09092124535164157,274,96000,96000,97964,mp3float,16000,30.73130000848323,16.618800000287592,11.188700038474053,130.61866666666666,d94230882c5ce7c2917d50d438163f70d553ffaf4b21e4d127edf65645cbdb65,MP3-128,0.05746390552762406,1.7576560863614332,0.9999813168022955,True,False,False
libri_84-121123-0002,public_speech,speech,1.1,aac,16000,0,128000,aac_16000_128000,.aac,42.27027617012009,18.946579932169488,-3.0952572611227804,1024,64.0,5.92887621348987e-05,0.012745063593256797,274,97280,96000,54079,aac,16000,147.36780000384897,20.52439999533817,11.494000034872442,72.10533333333333,ab2899b333e7915a2d95931d23a6f52716c2c967b60a4eb9d083c0cf8410323d,AAC-128,0.0056718630194751195,0.45659181858996767,0.9997620210750389,True,True,True
libri_84-121123-0002,public_speech,speech,1.1,opus,48000,0,64000,opus_48000_64000,.ogg,24.84493051196963,9.807277643737232,24.84493051196963,0,0.0,0.00327723020400465,0.10453753028892766,274,96000,96000,48777,opus,48000,57.17330001061782,36.738700000569224,18.118699954356998,65.036,3db106bbe305b15e08a152297d5ff59b954edb859a4e1a3a1b0b5c3bf2836c1b,Opus-64,0.039368293065743507,1.8365387023613076,0.996989457153039,True,False,False
libri_84-121123-0002,public_speech,speech,1.1,wav,16000,16,0,wav_16000_16,.wav,120.0,120.0,120.0,0,0.0,0.0,0.0,274,96000,96000,192044,pcm_s16le,16000,6.000199995469302,23.353800002951175,10.65579999703914,256.0586666666667,2184aa9d45c7fa07f35374daa5db1fb8f6610848e7d9744eeb567b2fb437bd8b,PCM-16,5.178485753966164e-08,1.4208909255273314e-06,0.9999999999999999,True,True,True
libri_174-168635-0002,public_speech,speech,1.1,opus,48000,0,64000,opus_48000_64000,.ogg,20.07654821631279,9.257806740551546,20.07654821631279,0,0.0,0.009825285489772137,0.11863677323651144,258,96000,96000,48777,opus,48000,59.306399954948574,37.10830002091825,14.870599959976971,65.036,6a715f4c72da38f1ab398f37863d8864161603e59ed267df98b99d437c3f7a01,Global-only,0.06832347259362496,1.8582287547035392,0.9973110648041987,True,False,False
libri_174-168635-0002,public_speech,speech,1.1,aac,16000,0,128000,aac_16000_128000,.aac,37.083473570107444,18.87011334217446,-2.8507083690704222,1024,64.0,0.00019572785785511762,0.012971454176409249,258,97280,96000,53062,aac,16000,151.3191000558436,13.967400009278208,8.789199986495078,70.74933333333334,c13f12cfcbb77fd3583d55dd4dcae78859b6879b102d8901d2f6ef1f3f8e6c6f,Tail-constrained,0.010314884020097928,0.5585323597378818,0.9998673610361027,True,True,True
libri_174-168635-0002,public_speech,speech,1.1,mp3,16000,0,128000,mp3_16000_128000,.mp3,25.128155879655143,14.637442322414515,25.128155879655143,0,0.0,0.003070325446736926,0.034376033805177786,258,96000,96000,97964,mp3float,16000,42.80619998462498,18.747799971606582,9.54160001128912,130.61866666666666,46a84d335b98d20e4c8685a9af0e6c6120d2b4dd55577c8e4730fff2c04aaf6f,MP3-128,0.055273169980599716,1.5287459111516037,0.9999906059862228,True,False,False
libri_174-168635-0002,public_speech,speech,1.1,aac,16000,0,128000,aac_16000_128000,.aac,37.083473570107444,18.87011334217446,-2.8507083690704222,1024,64.0,0.00019572785785511762,0.012971454176409249,258,97280,96000,53062,aac,16000,151.3191000558436,13.967400009278208,8.789199986495078,70.74933333333334,c13f12cfcbb77fd3583d55dd4dcae78859b6879b102d8901d2f6ef1f3f8e6c6f,AAC-128,0.010314884020097928,0.5585323597378818,0.9998673610361027,True,True,True
libri_174-168635-0002,public_speech,speech,1.1,opus,48000,0,64000,opus_48000_64000,.ogg,20.07654821631279,9.257806740551546,20.07654821631279,0,0.0,0.009825285489772137,0.11863677323651144,258,96000,96000,48777,opus,48000,59.306399954948574,37.10830002091825,14.870599959976971,65.036,6a715f4c72da38f1ab398f37863d8864161603e59ed267df98b99d437c3f7a01,Opus-64,0.06832347259362496,1.8582287547035392,0.9973110648041987,True,False,False
libri_174-168635-0002,public_speech,speech,1.1,wav,16000,16,0,wav_16000_16,.wav,120.0,120.0,120.0,0,0.0,0.0,0.0,258,96000,96000,192044,pcm_s16le,16000,6.438500015065074,21.4152000262402,12.409999966621399,256.0586666666667,c380889741b0dcf179b04551eaf4073211f04f09595fed4872f498c05092a02e,PCM-16,5.001255000840048e-08,1.1022308650444883e-06,0.9999999999999997,True,True,True
libri_251-118436-0000,public_speech,speech,1.1,mp3,16000,0,32000,mp3_16000_32000,.mp3,20.64920726501574,6.641408026250146,20.64920726501574,0,0.0,0.008611509271417276,0.21670014273304816,203,96000,96000,24560,mp3float,16000,29.328699980396777,14.304999960586429,8.99940001545474,32.74666666666667,8b468eab56b89b234c9cfe7a4e2d0da0f105a28e1e5ce321cc8a6f0b776b4b65,Global-only,0.07560406261164938,2.5440747736793488,0.9942867994223735,True,False,False
libri_251-118436-0000,public_speech,speech,1.1,aac,16000,0,64000,aac_16000_64000,.aac,35.231239735356944,17.61060928597544,-3.013728039894411,1024,64.0,0.0002998306501394051,0.017335607737653955,203,97280,96000,48903,aac,16000,224.81370001332834,26.343600009568036,11.25590002629906,65.204,3e7ba4c654e6f0cde796478c511733cbea114f985e45ea283341173528cdbb05,Tail-constrained,0.013061928893272838,0.6473033469640511,0.999763299038749,True,True,True
libri_251-118436-0000,public_speech,speech,1.1,mp3,16000,0,128000,mp3_16000_128000,.mp3,25.038037002759538,15.25070344437819,25.038037002759538,0,0.0,0.003134702279609078,0.029848991035522684,203,96000,96000,97964,mp3float,16000,29.36549996957183,19.02249996783212,9.531899995636195,130.61866666666666,448a4ff399d8b04a1bd5f89770f8ea129547613a3f5d8e87ab9e50c06fb8bb18,MP3-128,0.055626154560202264,1.522185180272677,0.9999879985685005,True,True,True
libri_251-118436-0000,public_speech,speech,1.1,aac,16000,0,128000,aac_16000_128000,.aac,39.600026896932604,19.33944079994488,-3.017877870204224,1024,64.0,0.00010964714054032503,0.011642759325934636,203,97280,96000,50058,aac,16000,185.19029999151826,16.50939998216927,11.491999961435795,66.744,edb78b32cdf246d22b8abb1ea180e7418af523a52879cb349e1a8d7da65c5f1e,AAC-128,0.007853286032748888,0.47202429291966824,0.9996948957242145,True,True,True
libri_251-118436-0000,public_speech,speech,1.1,opus,48000,0,64000,opus_48000_64000,.ogg,21.4568353673237,11.145007806915345,21.4568353673237,0,0.0,0.007150171575700286,0.0768244074675801,203,96000,96000,48777,opus,48000,52.62780003249645,26.283300016075373,13.688899984117597,65.036,f28b2a8806c791d26afb13558568d6a3103dec398c7418f57f6a6d1c839f97de,Opus-64,0.05844996511633629,1.66855706665303,0.996584741229231,True,False,False
libri_251-118436-0000,public_speech,speech,1.1,wav,16000,16,0,wav_16000_16,.wav,120.0,120.0,120.0,0,0.0,0.0,0.0,203,96000,96000,192044,pcm_s16le,16000,5.772600008640438,28.522700013127178,8.495599962770939,256.0586666666667,0e04f664235e6eb7782ea1b8760917fba073ad5eb789e0cfd95a38e764c20fab,PCM-16,5.212449309862575e-08,1.5824718952507392e-06,0.9999999999999998,True,True,True
libri_422-122949-0000,public_speech,speech,1.1,mp3,16000,0,64000,mp3_16000_64000,.mp3,24.754267124244656,18.02252082309377,24.754267124244656,0,0.0,0.0033463648328954684,0.015766958251936348,279,96000,96000,49004,mp3float,16000,34.74510001251474,20.93939995393157,9.812000032979995,65.33866666666667,9e9aeaef4f10458ba7835da6a6f891795cf6c8dab1cdb434454f4f9039947b74,Global-only,0.055427346543806745,1.3983438901223821,0.9995708979128417,True,True,True
libri_422-122949-0000,public_speech,speech,1.1,mp3,16000,0,64000,mp3_16000_64000,.mp3,24.754267124244656,18.02252082309377,24.754267124244656,0,0.0,0.0033463648328954684,0.015766958251936348,279,96000,96000,49004,mp3float,16000,34.74510001251474,20.93939995393157,9.812000032979995,65.33866666666667,9e9aeaef4f10458ba7835da6a6f891795cf6c8dab1cdb434454f4f9039947b74,Tail-constrained,0.055427346543806745,1.3983438901223821,0.9995708979128417,True,True,True
libri_422-122949-0000,public_speech,speech,1.1,mp3,16000,0,128000,mp3_16000_128000,.mp3,25.525503656282964,21.306189151044926,25.525503656282964,0,0.0,0.002801880665515647,0.007402545490114364,279,96000,96000,97964,mp3float,16000,32.12899999925867,19.005700014531612,8.906300005037338,130.61866666666666,4533aac71b9dd0a8b18d6410f6e0e5b2edf05ea277560c6c4e0abc23ab66fde8,MP3-128,0.052720789590239826,1.1544427304533968,0.9999799263494688,True,True,True
libri_422-122949-0000,public_speech,speech,1.1,aac,16000,0,128000,aac_16000_128000,.aac,33.49473674781177,17.303728985604184,-3.0107697709600285,1024,64.0,0.0004472252599987437,0.01860488977756095,279,97280,96000,58725,aac,16000,136.8087999871932,20.25810000486672,10.533900000154972,78.3,66f1146bcdff867c95e77ef66eb0030668b4d6cf0d90f2d6344502d54d8d7d27,AAC-128,0.014799698246927626,0.6175579873854483,0.9997592540962517,True,True,True
libri_422-122949-0000,public_speech,speech,1.1,opus,48000,0,64000,opus_48000_64000,.ogg,19.777667722759254,9.693687387296201,19.777667722759254,0,0.0,0.01052526957135401,0.10730779261628134,279,96000,96000,48777,opus,48000,56.097500026226044,37.0071999495849,15.793200000189245,65.036,b3f965d743f694f142d464b38ea7e59eeb83c86b34144cc8cc9c885f23674581,Opus-64,0.07069239887503476,1.804273795261898,0.9963107099983166,False,False,False
libri_422-122949-0000,public_speech,speech,1.1,wav,16000,16,0,wav_16000_16,.wav,120.0,120.0,120.0,0,0.0,0.0,0.0,279,96000,96000,192044,pcm_s16le,16000,5.72640000609681,31.83529997477308,11.415399960242212,256.0586666666667,b1ad25ac25ad2cb9ba3be74d2112ce8fc025b3e0a8f94713da2fc7ae55ccf15f,PCM-16,5.205813074824743e-08,1.2291558661278524e-06,1.0,True,True,True
libri_652-129742-0000,public_speech,speech,1.1,aac,16000,0,64000,aac_16000_64000,.aac,25.641026954925906,16.62247953428653,-2.9542292258273077,1024,64.0,0.0027283325510658704,0.021764667989497704,277,97280,96000,50778,aac,16000,219.56589998444542,21.456099988427013,9.56370000494644,67.704,13a1b78d1d677b9f1aa9af8bd650902678532b6463f187d0cb13cf32aa32a0f3,Global-only,0.038049083607627855,1.1011222632871605,0.9988661212671136,True,True,True
libri_652-129742-0000,public_speech,speech,1.1,aac,16000,0,64000,aac_16000_64000,.aac,25.641026954925906,16.62247953428653,-2.9542292258273077,1024,64.0,0.0027283325510658704,0.021764667989497704,277,97280,96000,50778,aac,16000,219.56589998444542,21.456099988427013,9.56370000494644,67.704,13a1b78d1d677b9f1aa9af8bd650902678532b6463f187d0cb13cf32aa32a0f3,Tail-constrained,0.038049083607627855,1.1011222632871605,0.9988661212671136,True,True,True
libri_652-129742-0000,public_speech,speech,1.1,mp3,16000,0,128000,mp3_16000_128000,.mp3,20.367565483635243,15.971518095256382,20.367565483635243,0,0.0,0.009188475287644606,0.025284140238344844,277,96000,96000,97964,mp3float,16000,27.94440003344789,18.218399956822395,9.579700010363013,130.61866666666666,2314d40c51520560e4028891b9771a8dfacfe8262ff4d1ac2837d1a5c378c084,MP3-128,0.09578103278194312,2.3829402505975126,0.9999874162686859,True,True,True
libri_652-129742-0000,public_speech,speech,1.1,aac,16000,0,128000,aac_16000_128000,.aac,32.51497476370561,22.995455194534514,-2.961399431634359,1024,64.0,0.0005604056738000964,0.00501711990635446,277,97280,96000,53520,aac,16000,182.48440005118027,24.706500000320375,9.19489999068901,71.36,06a77119cf20882c2dad688eb7e2a9721ff4d5e67c5b8527bfc0bda5e2a1d94a,AAC-128,0.017587560907253264,0.7308345019040448,0.9992269667946553,True,True,True
libri_652-129742-0000,public_speech,speech,1.1,opus,48000,0,64000,opus_48000_64000,.ogg,15.460480687715917,1.516619303058838,15.460480687715917,0,0.0,0.02844146292983399,0.7052418397426272,277,96000,96000,48777,opus,48000,55.07530004251748,34.646600019186735,14.134299999568611,65.036,307ea9c2f3c988193360f7705f546770a53e36c42a01ca505d4cabe6fba118a5,Opus-64,0.1250556006670271,1.9855672127912944,0.9956611677398389,False,False,False
libri_652-129742-0000,public_speech,speech,1.1,wav,16000,16,0,wav_16000_16,.wav,120.0,120.0,120.0,0,0.0,0.0,0.0,277,96000,96000,192044,pcm_s16le,16000,6.895900005474687,26.651900028809905,10.48219995573163,256.0586666666667,c9e17e483b38c0096ef5388f04726876d7cfc52096b0062f249971e55eefa175,PCM-16,5.065377102905775e-08,1.438699019005404e-06,0.9999999999999991,True,True,True
libri_777-126732-0003,public_speech,speech,1.1,opus,48000,0,64000,opus_48000_64000,.ogg,21.03353214355556,10.63321009132978,21.03353214355556,0,0.0,0.007882187936968522,0.08643288132350269,272,96000,96000,48777,opus,48000,64.63879998773336,34.649699984584004,15.306499961297959,65.036,bfa6c1066390a8e154a2d1eaea01b6ede992f3373c54e3cb3cc329e78e883d8b,Global-only,0.061310926686489506,1.8287267087688956,0.9967529336363768,True,False,False
libri_777-126732-0003,public_speech,speech,1.1,mp3,16000,0,64000,mp3_16000_64000,.mp3,25.484640554009864,19.74612620208918,25.484640554009864,0,0.0,0.0028283681926620017,0.010601989744537221,272,96000,96000,49004,mp3float,16000,30.138400034047663,17.855999991297722,9.592799993697554,65.33866666666667,6371a6816d5a719287f6cdd7773f957e7f72d69e708ee15f76b0baa6896f6136,Tail-constrained,0.0518712339986695,0.8441922286447869,0.9996211429397961,True,True,True
libri_777-126732-0003,public_speech,speech,1.1,mp3,16000,0,128000,mp3_16000_128000,.mp3,26.007427602976108,25.577381785618005,26.007427602976108,0,0.0,0.002507594102109155,0.0027686102437628,272,96000,96000,97964,mp3float,16000,43.59730001306161,21.39139996143058,10.183800011873245,130.61866666666666,d10f29d35674fc940f18f8b073052473cc56151832b33d6862f60101b1518b42,MP3-128,0.050050338474598714,0.3262811730242432,0.9999907650350606,True,True,True
libri_777-126732-0003,public_speech,speech,1.1,aac,16000,0,128000,aac_16000_128000,.aac,37.79201614194851,16.054482040465487,-2.718118879619786,1024,64.0,0.00016626406171444882,0.02480571764426961,272,97280,96000,50384,aac,16000,175.82459998084232,28.632699977606535,9.405100019648671,67.17866666666667,ef609c1fe2eabe24b87ee39f29c3fef9f0df8429e0aeedcb8900c986971010e2,AAC-128,0.009494602660495816,0.6911514536127971,0.9982913970637023,True,True,True
libri_777-126732-0003,public_speech,speech,1.1,opus,48000,0,64000,opus_48000_64000,.ogg,21.03353214355556,10.63321009132978,21.03353214355556,0,0.0,0.007882187936968522,0.08643288132350269,272,96000,96000,48777,opus,48000,64.63879998773336,34.649699984584004,15.306499961297959,65.036,bfa6c1066390a8e154a2d1eaea01b6ede992f3373c54e3cb3cc329e78e883d8b,Opus-64,0.061310926686489506,1.8287267087688956,0.9967529336363768,True,False,False
libri_777-126732-0003,public_speech,speech,1.1,wav,16000,16,0,wav_16000_16,.wav,120.0,120.0,120.0,0,0.0,0.0,0.0,272,96000,96000,192044,pcm_s16le,16000,5.436399951577187,24.15599999949336,11.479999986477196,256.0586666666667,9bf3f28983533bf8d221b376fe3bbad3126835edb60abe4f06b560e6301c83d4,PCM-16,5.1311377779695906e-08,1.3802849367898027e-06,0.9999999999999991,True,True,True
libri_1272-128104-0002,public_speech,speech,1.1,aac,16000,0,64000,aac_16000_64000,.aac,27.398717018551217,16.363754401846705,-3.0329972975984547,1024,64.0,0.0018202385093106454,0.02310066913222821,261,97280,96000,52867,aac,16000,99.00650003692135,19.69650003593415,9.567600034642965,70.48933333333333,bb42d2692cb4e3d82fbd5e06799f7104e10cefd6b6a1c9e305e750fcd2aac831,Global-only,0.031005681251968478,1.1954990348720869,0.9980324544597645,True,True,True
libri_1272-128104-0002,public_speech,speech,1.1,aac,16000,0,64000,aac_16000_64000,.aac,27.398717018551217,16.363754401846705,-3.0329972975984547,1024,64.0,0.0018202385093106454,0.02310066913222821,261,97280,96000,52867,aac,16000,99.00650003692135,19.69650003593415,9.567600034642965,70.48933333333333,bb42d2692cb4e3d82fbd5e06799f7104e10cefd6b6a1c9e305e750fcd2aac831,Tail-constrained,0.031005681251968478,1.1954990348720869,0.9980324544597645,True,True,True
libri_1272-128104-0002,public_speech,speech,1.1,mp3,16000,0,128000,mp3_16000_128000,.mp3,15.708150490130105,5.811387914951429,15.708150490130105,0,0.0,0.0268648828444965,0.2623380031641503,261,96000,96000,97964,mp3float,16000,29.394300014246255,24.506499990820885,8.930499956477433,130.61866666666666,077801fa46084437b1f8cf73c8c84cdb5af940454cfc353280c4cbfbb0f678e3,MP3-128,0.16253887037053405,4.199108230461132,0.9999589893775832,False,False,False
libri_1272-128104-0002,public_speech,speech,1.1,aac,16000,0,128000,aac_16000_128000,.aac,31.09037316492001,18.204915017697246,-3.03324391286161,1024,64.0,0.0007779697015894157,0.015118492827844568,261,97280,96000,57796,aac,16000,142.69140001852065,19.50240001315251,9.487699950113893,77.06133333333334,6b1497b4b98ef15c4a4feb5272352b4e21c43ae20a03588102890746ea05e059,AAC-128,0.020138352326882103,0.8313281555929973,0.9996526599118857,True,True,True
libri_1272-128104-0002,public_speech,speech,1.1,opus,48000,0,64000,opus_48000_64000,.ogg,16.505497917724444,8.439709702190349,16.505497917724444,0,0.0,0.022358888398344334,0.14322836349835905,261,96000,96000,48777,opus,48000,54.94240002008155,42.087200039532036,14.13150003645569,65.036,4e5570f83e2ddafbf34060ad88580564c13ca877a282231ee0fb298a791353fb,Opus-64,0.1126524428879248,2.5122255328383702,0.9959504093828855,False,False,False
libri_1272-128104-0002,public_speech,speech,1.1,wav,16000,16,0,wav_16000_16,.wav,120.0,120.0,120.0,0,0.0,0.0,0.0,261,96000,96000,192044,pcm_s16le,16000,5.444600014016032,24.553900002501905,8.84070002939552,256.0586666666667,0542a0008fe765e3055f18dddd04cb257534ad7857685566fda6f5307b1c91e2,PCM-16,5.018075540460963e-08,1.4377871245011967e-06,1.0,True,True,True
libri_1462-170138-0000,public_speech,speech,1.1,mp3,16000,0,32000,mp3_16000_32000,.mp3,23.687607602502844,5.7202154414910105,23.687607602502844,0,0.0,0.004277984825534717,0.2679035421978654,219,96000,96000,24560,mp3float,16000,33.16029999405146,18.983300018589944,9.346599981654435,32.74666666666667,2845de2d0c66a38410fff99348b4b18daaa4743e62cca19e457a1f442ce0cc51,Global-only,0.05894989421761852,1.6843067571595274,0.9945151579478679,True,False,False
libri_1462-170138-0000,public_speech,speech,1.1,aac,16000,0,64000,aac_16000_64000,.aac,41.88932449264978,19.141633205392083,-2.773033061421135,1024,64.0,6.472432809909413e-05,0.01218531272564574,219,97280,96000,48606,aac,16000,131.81340001756325,19.777300010900944,10.123700019903481,64.808,8db634878cbeedb1c428152a905165e62655d61434eb23139be7ae6fda3375f2,Tail-constrained,0.005820929507530163,0.3222748342409207,0.9997111363316364,True,True,True
libri_1462-170138-0000,public_speech,speech,1.1,mp3,16000,0,128000,mp3_16000_128000,.mp3,25.76267698022612,10.844737806867208,25.76267698022612,0,0.0,0.0026529697740061697,0.08232395362030033,219,96000,96000,97964,mp3float,16000,31.0145000112243,25.720299978274852,9.111099992878735,130.61866666666666,ab8badb6edc3616029a3f8d209a67965ae9ab22fed37d759898e257032f356b5,MP3-128,0.051441839561073524,0.8888490327608443,0.9999732931213627,True,False,False
libri_1462-170138-0000,public_speech,speech,1.1,aac,16000,0,128000,aac_16000_128000,.aac,44.74844273273444,20.215013810717394,-2.7735277251561485,1024,64.0,3.350855706050434e-05,0.009516968216787393,219,97280,96000,49403,aac,16000,224.05689995503053,22.267699998337775,11.715799977537245,65.87066666666666,c663838e43e71d27365887e27c0082f530248689a678ae26a947a1cdc258f5f7,AAC-128,0.004161707398086439,0.2752752018612878,0.9997744682676065,True,True,True
libri_1462-170138-0000,public_speech,speech,1.1,opus,48000,0,64000,opus_48000_64000,.ogg,25.89745153619489,9.828935865397643,25.89745153619489,0,0.0,0.0025719045477241307,0.10401750045765201,219,96000,96000,48777,opus,48000,50.29029998695478,24.29669996490702,13.12850002432242,65.036,95c7c0faa232281a5fd991fae89a5b0e3b21c6dc4f1402dddc761bfb10facd2c,Opus-64,0.034139928313744496,1.3255881241209757,0.9974793370474435,True,False,False
libri_1462-170138-0000,public_speech,speech,1.1,wav,16000,16,0,wav_16000_16,.wav,120.0,120.0,120.0,0,0.0,0.0,0.0,219,96000,96000,192044,pcm_s16le,16000,6.924199988134205,23.617899976670742,10.517399990931153,256.0586666666667,309c70cbfd7b5f851e58ff763bfd8a919befd37b922f3acb1b09528025afc4d6,PCM-16,5.2190166301448934e-08,1.0500082853941443e-06,1.0,True,True,True
libri_1673-143396-0000,public_speech,speech,1.1,opus,48000,0,32000,opus_48000_32000,.ogg,20.379017619264467,3.868245065388836,20.379017619264467,0,0.0,0.009164277640348904,0.41036989529470835,240,96000,96000,24697,opus,48000,199.18260001577437,26.715299987699836,14.370299992151558,32.92933333333333,cc0df329d7059b2f1104e4f646cf3ca5c164f793a0f0d08fbc86e8660e6c6114,Global-only,0.06346055767176127,2.109133458998913,0.9930851016965492,True,False,False
libri_1673-143396-0000,public_speech,speech,1.1,aac,16000,0,64000,aac_16000_64000,.aac,33.90336263886153,17.519952861944976,-2.875998709748966,1024,64.0,0.0004070649750274188,0.017701281710750718,240,97280,96000,54508,aac,16000,134.2648999998346,20.687300013378263,11.339800024870783,72.67733333333334,8ff54a1a255f41189b2252c80cce9f24051f8db6b253c2bd0e7d1cf883039876,Tail-constrained,0.01513769619762293,0.46130887540194176,0.9992724155971703,True,True,True
libri_1673-143396-0000,public_speech,speech,1.1,mp3,16000,0,128000,mp3_16000_128000,.mp3,25.35895260716568,10.572766718570008,25.35895260716568,0,0.0,0.0029114191836082308,0.08764422964935303,240,96000,96000,97964,mp3float,16000,29.57299997797236,17.252199992071837,10.626300005242229,130.61866666666666,b5195cb119fbb2d19d9892c401ad6b58f7ef2b9a0396087763634dd6737657f4,MP3-128,0.05349444074283345,0.9422873030322009,0.9999899690830959,True,False,False
libri_1673-143396-0000,public_speech,speech,1.1,aac,16000,0,128000,aac_16000_128000,.aac,41.7465690688538,18.68538982441137,-2.8800804361044396,1024,64.0,6.688721186050392e-05,0.013535085937623969,240,97280,96000,57548,aac,16000,149.85900005558506,25.280300003942102,12.775200011674315,76.73066666666668,f837962ab2a01334bef6a70d426a24701d4ec6d07c9808a4394f2a600c066ad1,AAC-128,0.005913851760226067,0.2927494593706442,0.999864452339893,True,True,True
libri_1673-143396-0000,public_speech,speech,1.1,opus,48000,0,64000,opus_48000_64000,.ogg,23.750438990864744,9.344346834633207,23.750438990864744,0,0.0,0.004216538799174421,0.11629614436283386,240,96000,96000,48777,opus,48000,65.96420001005754,40.17359996214509,17.033500014804304,65.036,bc962306411ff82621b518eb202ec6e371161e6822a775bb0d6cbfd34a8628ad,Opus-64,0.04545770240839116,1.3311081559029334,0.9977596423024739,True,False,False
libri_1673-143396-0000,public_speech,speech,1.1,wav,16000,16,0,wav_16000_16,.wav,120.0,120.0,120.0,0,0.0,0.0,0.0,240,96000,96000,192044,pcm_s16le,16000,5.18259999807924,28.31480000168085,9.61559999268502,256.0586666666667,f2c0fcd8c42a18136a7a57e94dfee68c1ce1b7fff2809f2f3ba765e1aa830d5d,PCM-16,4.906069061693484e-08,8.925436217952322e-07,0.9999999999999998,True,True,True
libri_1919-142785-0001,public_speech,speech,1.1,mp3,16000,0,64000,mp3_16000_64000,.mp3,20.933760724229696,6.885902616327886,20.933760724229696,0,0.0,0.008065363167169628,0.20483762812451692,254,96000,96000,49004,mp3float,16000,30.275800032541156,27.003099967259914,10.155499971006066,65.33866666666667,0d1904e5cae5d97f0850fe63c23e877a5eb90caabadf54f9f92e3b8e967aadf7,Global-only,0.08807012061798108,2.7377217456887437,0.9994247181701668,True,False,False
libri_1919-142785-0001,public_speech,speech,1.1,wav,16000,16,0,wav_16000_16,.wav,120.0,120.0,120.0,0,0.0,0.0,0.0,254,96000,96000,192044,pcm_s16le,16000,5.296999996062368,33.35430001607165,13.102199998684227,256.0586666666667,49995139073f56d188155934aa21b8aee632007e8623ed2e11b968d62ce039b6,Tail-constrained,5.246781245462145e-08,1.544024940151783e-06,1.0,True,True,True
libri_1919-142785-0001,public_speech,speech,1.1,mp3,16000,0,128000,mp3_16000_128000,.mp3,21.345914781317763,7.080642325069105,21.345914781317763,0,0.0,0.007335141935155064,0.19585549802099028,254,96000,96000,97964,mp3float,16000,30.18319996772334,25.77820001170039,10.534400003962219,130.61866666666666,ef2e388fcb9582d046caeb9fa43ced6463e56b29901e4910dc1353c08b92dc72,MP3-128,0.0858181967559331,2.5431499008976153,0.9999841040641417,True,False,False
libri_1919-142785-0001,public_speech,speech,1.1,aac,16000,0,128000,aac_16000_128000,.aac,32.24366160052358,11.717105761975608,-2.9102179418403336,1024,64.0,0.0005965321295096721,0.0673425292835715,254,97280,96000,56557,aac,16000,172.2823999589309,32.46950003085658,10.403099993709475,75.40933333333334,7c2723af8b163a6c2af6017981896eaa9358c94b0a6b0eb2be8c53043ee54f96,AAC-128,0.016862566402276513,0.8687901816259536,0.99963736775133,True,False,False
libri_1919-142785-0001,public_speech,speech,1.1,opus,48000,0,64000,opus_48000_64000,.ogg,19.709410185209236,8.769629212324965,19.709410185209236,0,0.0,0.01069200077291064,0.13275077915473305,254,96000,96000,48777,opus,48000,55.87759998161346,34.79679999873042,16.403199988417327,65.036,cb564b2a59e4464c971f6adce75f326c36cc74266babebe247e665ddc787b58c,Opus-64,0.07638279728631193,2.0772417088446784,0.9978663343262415,False,False,False
libri_1919-142785-0001,public_speech,speech,1.1,wav,16000,16,0,wav_16000_16,.wav,120.0,120.0,120.0,0,0.0,0.0,0.0,254,96000,96000,192044,pcm_s16le,16000,5.296999996062368,33.35430001607165,13.102199998684227,256.0586666666667,49995139073f56d188155934aa21b8aee632007e8623ed2e11b968d62ce039b6,PCM-16,5.246781245462145e-08,1.544024940151783e-06,1.0,True,True,True
libri_1988-147956-0000,public_speech,speech,1.1,mp3,16000,0,32000,mp3_16000_32000,.mp3,20.23727574146252,11.129518328973397,20.23727574146252,0,0.0,0.009468309067266398,0.07709889738251467,300,96000,96000,24560,mp3float,16000,32.94359997380525,17.985899990890175,9.98900004196912,32.74666666666667,c0c97aff4bdb4ceeec71a00f6a48eff254f31fa6955dcfb4ff4250dc3f79870f,Global-only,0.07776964807371511,1.8256284630889537,0.9914010226315234,True,False,False
libri_1988-147956-0000,public_speech,speech,1.1,mp3,16000,0,64000,mp3_16000_64000,.mp3,25.4880132529833,19.773355705465395,25.4880132529833,0,0.0,0.00282617255541441,0.010535725076716386,300,96000,96000,49004,mp3float,16000,30.484699993394315,20.191799965687096,9.023400023579597,65.33866666666667,f28e8d2503b82e2d5850dc13aed1a573582109283ce257bfa327b8ec516ddce6,Tail-constrained,0.05173966393082168,0.7440370787530942,0.9993089360363241,True,True,True
libri_1988-147956-0000,public_speech,speech,1.1,mp3,16000,0,128000,mp3_16000_128000,.mp3,25.917487325064485,20.861176563500944,25.917487325064485,0,0.0,0.002560066622908772,0.008201293299120378,300,96000,96000,97964,mp3float,16000,31.976800004485995,20.935299980919808,9.306600026320666,130.61866666666666,c452d4fcedab5f3a2add852b449acc10117f398585594de306ac0482f2142bf8,MP3-128,0.05054497490732668,0.5267084704150585,0.9999796840644504,True,True,True
libri_1988-147956-0000,public_speech,speech,1.1,aac,16000,0,128000,aac_16000_128000,.aac,37.88408010206438,22.728932617298206,-2.8391279997814447,1024,64.0,0.00016277660633035027,0.005334659914207562,300,97280,96000,53194,aac,16000,184.379699989222,35.68259999155998,11.14760001655668,70.92533333333333,d4f4a8c2605deaaaaa64e6d58759371c6894fdc0beb861088f313bb7e64af9be,AAC-128,0.010257320005161424,0.32399270217816684,0.998458240016362,True,True,True
libri_1988-147956-0000,public_speech,speech,1.1,opus,48000,0,64000,opus_48000_64000,.ogg,12.832610037393586,-1.766166996336516,12.832610037393586,0,0.0,0.0520881575881462,1.5018159057480591,300,96000,96000,48777,opus,48000,58.88500000583008,35.55580001557246,14.818299969192594,65.036,53b4cc0f7454884a87b5a820b87a20dad5fd5f5b21959cd24c3307e489778fa1,Opus-64,0.24033148766142107,1.9231655131755143,0.994267032836303,False,False,False
libri_1988-147956-0000,public_speech,speech,1.1,wav,16000,16,0,wav_16000_16,.wav,120.0,120.0,120.0,0,0.0,0.0,0.0,300,96000,96000,192044,pcm_s16le,16000,5.301999975927174,29.010300000663847,9.921199991367757,256.0586666666667,1577b2f21c81460297acf0ef19c00a0d6f5d33dfa301b3690936e6568232630a,PCM-16,4.728396476243169e-08,1.0811694157275929e-06,0.9999999999999979,True,True,True
libri_1993-147149-0000,public_speech,speech,1.1,aac,16000,0,64000,aac_16000_64000,.aac,30.88927242954808,12.379515066029835,-2.516067215783786,1024,64.0,0.0008148407822826122,0.057816060131441076,297,97280,96000,44312,aac,16000,150.79280000645667,26.22870000777766,16.922199982218444,59.08266666666667,386bac4e7a1dc073241a7deca8bbe8970b79494ac328459ff29b07f5bdfc680e,Global-only,0.020678225729444482,1.174445320685867,0.9975699574275615,True,False,False
libri_1993-147149-0000,public_speech,speech,1.1,wav,16000,16,0,wav_16000_16,.wav,120.0,120.0,120.0,0,0.0,0.0,0.0,297,96000,96000,192044,pcm_s16le,16000,6.263699964620173,27.46920002391562,10.118799982592463,256.0586666666667,e915ce21d2cf17e919112a69e8370283ce1be6c880133711f923b67c0aa6de03,Tail-constrained,5.01337757104695e-08,1.2608785909959455e-06,0.9999999999999968,True,True,True
libri_1993-147149-0000,public_speech,speech,1.1,mp3,16000,0,128000,mp3_16000_128000,.mp3,23.452984706209847,9.317552991595333,23.452984706209847,0,0.0,0.004515455112539841,0.11701585247034567,297,96000,96000,97964,mp3float,16000,28.880500001832843,17.711399996187538,9.570599999278784,130.61866666666666,ae6e7fc91192ab8632ddf08b361cf3b379a101ec5c867e02c116c064b6741bc1,MP3-128,0.06697741297205805,1.9961963687533046,0.9999721316537575,True,False,False
libri_1993-147149-0000,public_speech,speech,1.1,aac,16000,0,128000,aac_16000_128000,.aac,30.93308726430717,12.829188007617901,-2.515644111262687,1024,64.0,0.0008066613959028211,0.052129216702914684,297,97280,96000,45324,aac,16000,183.35190002107993,22.152599995024502,11.372499982826412,60.432,b612356fd02c8f54b2be28e171ecb15dacc9520d0c84c1361508d9a80815d017,AAC-128,0.020596950787097237,1.1582411361474367,0.9977563935451884,True,False,False
libri_1993-147149-0000,public_speech,speech,1.1,opus,48000,0,64000,opus_48000_64000,.ogg,20.94068039475379,9.633931549674907,20.94068039475379,0,0.0,0.00805252275114406,0.10879447606390766,297,96000,96000,48777,opus,48000,55.73339998954907,36.894100019708276,16.009399958420545,65.036,613bb2acad5fcf58c76ff6ae6ecf9f1af17d246483c9bb2c4989ad04d68ab234,Opus-64,0.06281120802221969,2.028424966312791,0.9970241377998067,True,False,False
libri_1993-147149-0000,public_speech,speech,1.1,wav,16000,16,0,wav_16000_16,.wav,120.0,120.0,120.0,0,0.0,0.0,0.0,297,96000,96000,192044,pcm_s16le,16000,6.263699964620173,27.46920002391562,10.118799982592463,256.0586666666667,e915ce21d2cf17e919112a69e8370283ce1be6c880133711f923b67c0aa6de03,PCM-16,5.01337757104695e-08,1.2608785909959455e-06,0.9999999999999968,True,True,True
libri_2035-147960-0000,public_speech,speech,1.1,aac,16000,0,32000,aac_16000_32000,.aac,20.533054794249782,3.5866585301907024,-3.0112349335884243,1024,64.0,0.008844932451730965,0.4378588650137247,272,97280,96000,25189,aac,16000,74.70509997801855,17.181099974550307,9.644499979913235,33.58533333333333,93fab3ddfce49954df6080ca320b810cf8ccaa64a7e4d75ad32c8de00e1b6df0,Global-only,0.06301436484907114,2.5075974327533013,0.9762580848770148,True,False,False
libri_2035-147960-0000,public_speech,speech,1.1,aac,16000,0,64000,aac_16000_64000,.aac,34.353067564955985,16.252256919285713,-3.0124091537483566,1024,64.0,0.0003670229685113312,0.0237014168249211,272,97280,96000,52254,aac,16000,92.43940003216267,24.54740001121536,12.520799995400012,69.672,879a0fb45f15b5ec2512223853f961e4a909c09a911a7fca5f31b6a6b0226e2a,Tail-constrained,0.013783138729079152,0.6112868732904919,0.9967894982262898,True,True,True
libri_2035-147960-0000,public_speech,speech,1.1,mp3,16000,0,128000,mp3_16000_128000,.mp3,25.762618164773222,15.369268774065514,25.762618164773222,0,0.0,0.0026530057027784352,0.02904511648809401,272,96000,96000,97964,mp3float,16000,34.85789999831468,23.44359998824075,9.837199992034584,130.61866666666666,500065641bb80f5af92bfb57b4079c6617e609f3affacccc851cb82b307ae7c8,MP3-128,0.05140000808745704,0.7194374003322962,0.9999289475979115,True,True,True
libri_2035-147960-0000,public_speech,speech,1.1,aac,16000,0,128000,aac_16000_128000,.aac,37.930606962712936,19.65089481182227,-3.013377600606283,1024,64.0,0.00016104205497640585,0.010837036068540213,272,97280,96000,55555,aac,16000,157.7775000478141,17.8652000031434,9.000500023830682,74.07333333333334,90144b77b5b12b7fe1ba03619beaa7d7774f7b44efe1f3c0e3bec5ec79b12111,AAC-128,0.009182718636134594,0.35217344736560047,0.999206609903459,True,True,True
libri_2035-147960-0000,public_speech,speech,1.1,opus,48000,0,64000,opus_48000_64000,.ogg,23.234905894170133,10.482584101085866,23.234905894170133,0,0.0,0.004747985790829568,0.08948321718941085,272,96000,96000,48777,opus,48000,60.257599980104715,34.031499992124736,20.695500017609447,65.036,50895f7b5b45f33400ba728818201bd754bbd5473a3e2f80ac0ec1967a784822,Opus-64,0.047473454178518046,1.4840109780396118,0.9866562455850619,True,False,False
libri_2035-147960-0000,public_speech,speech,1.1,wav,16000,16,0,wav_16000_16,.wav,120.0,120.0,120.0,0,0.0,0.0,0.0,272,96000,96000,192044,pcm_s16le,16000,5.98419999005273,25.6332999560982,9.127900004386902,256.0586666666667,bc56349943d45d14339467ec45f509e26eca3a202738f4a16e67ab13329c92ec,PCM-16,5.0105672668469674e-08,8.266605459651032e-07,0.9999999999999997,True,True,True
libri_2078-142845-0004,public_speech,speech,1.1,mp3,8000,0,32000,mp3_8000_32000,.mp3,21.450730449832026,6.130269282830665,21.450730449832026,0,0.0,0.007160229705419667,0.24376596674161705,294,96000,96000,25100,mp3float,8000,25.805799989029765,13.132299995049834,12.714600015897304,33.46666666666667,3fe1a6eeb02aa2f4721d3db8e7aae6c44d241ae371e5e70ddb7cb07da10b7f77,Global-only,0.0779127159984362,3.2791090099322853,0.9733854163602629,True,False,False
libri_2078-142845-0004,public_speech,speech,1.1,aac,16000,0,64000,aac_16000_64000,.aac,38.600110017938455,21.101441275279555,-3.0172028971941116,1024,64.0,0.00013803492963696183,0.0077598954942400865,294,97280,96000,52460,aac,16000,117.13739996775985,19.658300036098808,12.04990001861006,69.94666666666667,256019a92d64ef6a1e99e70aaec69126f4bde8fe5f1d1d34b7252eb96d459f18,Tail-constrained,0.008712042201208924,0.45135119824371783,0.9995034771706341,True,True,True
libri_2078-142845-0004,public_speech,speech,1.1,mp3,16000,0,128000,mp3_16000_128000,.mp3,25.657198402761914,15.771438256769796,25.657198402761914,0,0.0,0.002718192186338762,0.02647623177758564,294,96000,96000,97964,mp3float,16000,30.3622999927029,25.088399997912347,9.11029998678714,130.61866666666666,147b4f023fa5a5f8126cef5821a3f1acb8d2d65fa3fd0bbac517cb0d31112b4a,MP3-128,0.052013351931747845,1.0835438017272114,0.9999917655901114,True,True,True
libri_2078-142845-0004,public_speech,speech,1.1,aac,16000,0,128000,aac_16000_128000,.aac,39.77042782466046,21.567144952492974,-3.0175243333227324,1024,64.0,0.0001054283033570791,0.006970846262373627,294,97280,96000,53642,aac,16000,190.45039999764413,21.550700010266155,9.757599967997521,71.52266666666667,8690c1e40edc7e726033b1b1b35184a0f4a12576c2d3a80f6b1901a800ebdaae,AAC-128,0.007690654042745301,0.3830609942401588,0.9995575009776801,True,True,True
libri_2078-142845-0004,public_speech,speech,1.1,opus,48000,0,64000,opus_48000_64000,.ogg,22.38866632116459,10.753375265423138,22.38866632116459,0,0.0,0.005769436103236003,0.08407414771943023,294,96000,96000,48777,opus,48000,51.80620000464842,35.34659999422729,15.392599976621568,65.036,2e8f8c2e55347fb162e45457a0e8a324e7c58ecf39fc6202f81db200a041901c,Opus-64,0.05275788164943254,1.4891478126560018,0.9966261864722726,True,False,False
libri_2078-142845-0004,public_speech,speech,1.1,wav,16000,16,0,wav_16000_16,.wav,120.0,120.0,120.0,0,0.0,0.0,0.0,294,96000,96000,192044,pcm_s16le,16000,6.049099960364401,21.28749998519197,8.235700021032244,256.0586666666667,c0c5094197d6981c21e134678fd9e57455ee08112195f9d766c435ba56486572,PCM-16,5.391272490009234e-08,1.459480858903194e-06,0.9999999999999999,True,True,True
libri_2086-149214-0000,public_speech,speech,1.1,opus,48000,0,32000,opus_48000_32000,.ogg,21.016721163015397,5.533226416779832,21.016721163015397,0,0.0,0.007912758000404994,0.27969027008602754,233,96000,96000,24697,opus,48000,113.45720000099391,42.762900004163384,15.59229998383671,32.92933333333333,a669d065203a344ce22e7ae9e6c3a8bede7d6ed2e5213a7b6b7fadc42681cd39,Global-only,0.055909052834907595,1.7575644573031204,0.9962686193175048,True,False,False
libri_2086-149214-0000,public_speech,speech,1.1,mp3,16000,0,64000,mp3_16000_64000,.mp3,25.44864575523023,18.89620901844527,25.44864575523023,0,0.0,0.0028519074288398116,0.012893745630921832,233,96000,96000,49004,mp3float,16000,31.712900032289326,20.48940001986921,9.795200021471828,65.33866666666667,307aca31beb62880005d5c2dfa3421e2e3957c54f023371da13fb075790bed54,Tail-constrained,0.05178294006664012,0.5904645577364809,0.9997342004972447,True,True,True
libri_2086-149214-0000,public_speech,speech,1.1,mp3,16000,0,128000,mp3_16000_128000,.mp3,26.007586182889952,25.536055685227325,26.007586182889952,0,0.0,0.002507502540550519,0.0027950812152379135,233,96000,96000,97964,mp3float,16000,29.92850000737235,21.608300041407347,9.66610002797097,130.61866666666666,9d5877b78b5eb782c99d9cd9dbdb2fcc9241a963199ebf6743d97ac1bc4add4f,MP3-128,0.05005357629387131,0.26405155323215174,0.9999945948230007,True,True,True
libri_2086-149214-0000,public_speech,speech,1.1,aac,16000,0,128000,aac_16000_128000,.aac,42.161686416631554,21.74828217945441,-2.966634890368549,1024,64.0,6.078989011373107e-05,0.006686083284813127,233,97280,96000,54998,aac,16000,182.0579000050202,25.906700000632554,10.614500031806529,73.33066666666667,d42eecfad4acb7509123ada23c50f1f27fef9eb28e0314ebc37324d3d1456d88,AAC-128,0.005771574291689473,0.3048183188612645,0.9999050304930214,True,True,True
libri_2086-149214-0000,public_speech,speech,1.1,opus,48000,0,64000,opus_48000_64000,.ogg,20.478431363917156,10.924255822498342,20.478431363917156,0,0.0,0.008956882223778152,0.08083034226263498,233,96000,96000,48777,opus,48000,54.353399958927184,33.60389999579638,15.343000006396323,65.036,bf4d0ebb8955cf01ff245670998ab55add4b06484c673b617dc4f2ae2bba7179,Opus-64,0.06568722711291777,1.4548210847050194,0.9967431534045105,True,False,False
libri_2086-149214-0000,public_speech,speech,1.1,wav,16000,16,0,wav_16000_16,.wav,120.0,120.0,120.0,0,0.0,0.0,0.0,233,96000,96000,192044,pcm_s16le,16000,8.149700006470084,25.570700003299862,10.476499970536679,256.0586666666667,3b2c8f26c2b067f91e2777dd1eb90e6303827fc31b331e63acfaf5a59680f36b,PCM-16,5.043064010053067e-08,1.041038720146638e-06,1.0,True,True,True
libri_2277-149874-0000,public_speech,speech,1.1,mp3,8000,0,32000,mp3_8000_32000,.mp3,20.811454198916675,3.9666809455691676,20.811454198916675,0,0.0,0.008295729454094168,0.4011731933139017,279,96000,96000,25100,mp3float,8000,20.05500002996996,9.18290001573041,9.319900011178106,33.46666666666667,14862fabd7611e14d234ea1ecf70aa6082dbec0772eaa4c21a91fd25fd80a8a1,Global-only,0.08316568639935407,4.53067017291193,0.9771554458751833,True,False,False
libri_2277-149874-0000,public_speech,speech,1.1,aac,16000,0,64000,aac_16000_64000,.aac,32.587375647630374,19.389408830353553,-2.976475770946412,1024,64.0,0.0005511406387702186,0.011509570486747804,279,97280,96000,53113,aac,16000,134.07600001664832,20.53049998357892,9.389500017277896,70.81733333333334,aaa3c7e56c8e6da86e21e751f267ba148064f68e4f0242cc1f6c1c6893d58b0e,Tail-constrained,0.01697997728253113,0.6527783481343316,0.999564436166672,True,True,True
libri_2277-149874-0000,public_speech,speech,1.1,mp3,16000,0,128000,mp3_16000_128000,.mp3,24.919797547690294,9.094468405390932,24.919797547690294,0,0.0,0.0032212189493083443,0.1231836758479629,279,96000,96000,97964,mp3float,16000,31.556300004012883,23.523900017607957,8.479600015562028,130.61866666666666,444a73da34850094ead67391f33540dc215fab91cac3d0b9fc3967d56730509a,MP3-128,0.05677968180288412,1.7738963886020542,0.9999937190198197,True,False,False
libri_2277-149874-0000,public_speech,speech,1.1,aac,16000,0,128000,aac_16000_128000,.aac,40.386074405027074,19.150764399109185,-2.979871197625749,1024,64.0,9.149398834796288e-05,0.012159719593160426,279,97280,96000,55102,aac,16000,189.3918000278063,19.774499989580363,9.925499965902418,73.46933333333334,bfcdabddd5701de867d97581ab8c47acbd22379d71257a467cf13bd1040da9e6,AAC-128,0.007084069738698764,0.5623588585873754,0.9998475158174928,True,True,True
libri_2277-149874-0000,public_speech,speech,1.1,opus,48000,0,64000,opus_48000_64000,.ogg,21.400699977023375,11.19388745021174,21.400699977023375,0,0.0,0.00724319208035736,0.07596459993406554,279,96000,96000,48777,opus,48000,55.82389998016879,39.565599989145994,15.313200012315065,65.036,1e91409530d1cb0207036d192d82cdeeead45845d96e42a892525235d3781cde,Opus-64,0.05829537837612453,1.8182179683907518,0.9975138971477956,True,False,False
libri_2277-149874-0000,public_speech,speech,1.1,wav,16000,16,0,wav_16000_16,.wav,120.0,120.0,120.0,0,0.0,0.0,0.0,279,96000,96000,192044,pcm_s16le,16000,6.983500032220036,26.06609999202192,10.770900000352412,256.0586666666667,e7fa69732921a449ecae466007b312e996466dc3cd9ac8221a63e6230e668f07,PCM-16,5.0145281004577694e-08,1.8933686983200433e-06,1.0,True,True,True
libri_2412-153947-0002,public_speech,speech,1.1,mp3,8000,0,32000,mp3_8000_32000,.mp3,20.361160016696683,4.466642414893628,20.361160016696683,0,0.0,0.009202037490843085,0.35754915706286433,296,96000,96000,25100,mp3float,8000,22.070400009397417,16.98529999703169,12.684700021054596,33.46666666666667,63e49d14dbd09c5bd15c4b7440495cae227b2eb16de1e7fe8ba08909114e1372,Global-only,0.08713695974262427,3.947198132444739,0.9797020319145059,True,False,False
libri_2412-153947-0002,public_speech,speech,1.1,aac,16000,0,64000,aac_16000_64000,.aac,34.09335341380334,17.25825345318332,-2.9754905868288555,1024,64.0,0.0003896410083823757,0.018800727497088388,296,97280,96000,51999,aac,16000,187.95689998660237,17.876700032502413,11.18910004151985,69.332,738f80f91bc178f160a72cdfce1df7649c6eacaccda736e930c23a806b9ba97e,Tail-constrained,0.014835110155371296,0.7023454457012548,0.9994882813268556,True,True,True
libri_2412-153947-0002,public_speech,speech,1.1,mp3,16000,0,128000,mp3_16000_128000,.mp3,25.730437237655906,11.704556005214586,25.730437237655906,0,0.0,0.0026727373100967743,0.06753740963757672,296,96000,96000,97964,mp3float,16000,30.372300010640174,22.015800001099706,8.796499983873218,130.61866666666666,7bd73fe6933901a649f46ff6da31b03feaa47f7866a23fc2c771ac2254b06281,MP3-128,0.051637376775730146,1.027419981037712,0.9999935903401413,True,False,False
libri_2412-153947-0002,public_speech,speech,1.1,aac,16000,0,128000,aac_16000_128000,.aac,39.02534268913609,19.826358414770077,-2.977227231108273,1024,64.0,0.0001251600508981643,0.01040792510795746,296,97280,96000,55024,aac,16000,161.24970000237226,21.029499999713153,9.325699997134507,73.36533333333334,fb3bf5d03b5b917a70c2a4ff9014a792db1188c74e54dd42093dd557558dd9f3,AAC-128,0.00827443484279344,0.548006473496353,0.9994173181166401,True,True,True
libri_2412-153947-0002,public_speech,speech,1.1,opus,48000,0,64000,opus_48000_64000,.ogg,20.934470825461474,10.514684937056185,20.934470825461474,0,0.0,0.008064044532841154,0.08882424123482771,296,96000,96000,48777,opus,48000,52.53530002664775,33.7320999824442,16.358699998818338,65.036,b4fa7932c0395cf5f03e1258f2347678f87065a21f2d4ccaf8d65834ea1a18d5,Opus-64,0.062462052546379966,1.699425067004818,0.9971259321043949,True,False,False
libri_2412-153947-0002,public_speech,speech,1.1,wav,16000,16,0,wav_16000_16,.wav,120.0,120.0,120.0,0,0.0,0.0,0.0,296,96000,96000,192044,pcm_s16le,16000,5.122000002302229,23.47340004052967,9.124900039751083,256.0586666666667,95f2a0eb8b9e36c8e5d45547109baf2fc004dfe6200fd7a2763d314972885532,PCM-16,5.1260879503122744e-08,1.3145911755144158e-06,0.9999999999999997,True,True,True
libri_2428-83699-0000,public_speech,speech,1.1,aac,8000,0,32000,aac_8000_32000,.aac,22.84671901542021,2.3756142404385736,-2.9201083354701756,2048,128.0,0.005191921272781345,0.5786801374636705,243,98304,96000,28648,aac,8000,79.39700002316386,29.910299985203892,13.274099968839437,38.19733333333333,689ff35cb0a2b1aeb0fe5403c44b1c6a26de6e71962bafd1bd433d07f1d8bb8d,Global-only,0.06243737402512565,4.107731435668661,0.9973656201968457,True,False,False
libri_2428-83699-0000,public_speech,speech,1.1,aac,16000,0,64000,aac_16000_64000,.aac,33.996452352982175,17.110915798634146,-3.0429799996392077,1024,64.0,0.00039843250757414824,0.019449499059574993,243,97280,96000,52314,aac,16000,117.8084000130184,13.825500034727156,12.948899995535612,69.752,23f408421d0f51982830c4799851a91cbc6ed6101153c4358b0c6ed78ad6717b,Tail-constrained,0.015081377026909372,0.7599941985761047,0.9998341454708403,True,True,True
libri_2428-83699-0000,public_speech,speech,1.1,mp3,16000,0,128000,mp3_16000_128000,.mp3,25.462260467981082,10.835454065391746,25.462260467981082,0,0.0,0.002842980973464682,0.08250012250947457,243,96000,96000,97964,mp3float,16000,28.02470000460744,19.955999974627048,11.849000002257526,130.61866666666666,30ec55ced5dd8c4f966374a708a9db0e81f38082f7321bf3592ee8b3090f3d84,MP3-128,0.053290636932753585,1.6434972020033862,0.9999958381292066,True,False,False
libri_2428-83699-0000,public_speech,speech,1.1,aac,16000,0,128000,aac_16000_128000,.aac,36.76631918568314,18.13368384030919,-3.0485812251812012,1024,64.0,0.0002105562229466554,0.015368504760099974,243,97280,96000,53855,aac,16000,155.6274999747984,19.359900034032762,10.865000018384308,71.80666666666667,ee8d29de3841778267249b4137f8d14000e657606ffebf9f8cd336dd03254eb8,AAC-128,0.010842241683113778,0.660320404257735,0.9998742444300697,True,True,True
libri_2428-83699-0000,public_speech,speech,1.1,opus,48000,0,64000,opus_48000_64000,.ogg,17.593265865569233,9.413533044679024,17.593265865569233,0,0.0,0.017404975385947586,0.11445814300374298,243,96000,96000,48777,opus,48000,51.90020002191886,27.40199997788295,16.80009998381138,65.036,1240d639486ac3459e74ebdfe260383f0bda488690e0213252a000f06d0cac05,Opus-64,0.09097940045419128,1.9523034370826553,0.9966610544716885,False,False,False
libri_2428-83699-0000,public_speech,speech,1.1,wav,16000,16,0,wav_16000_16,.wav,120.0,120.0,120.0,0,0.0,0.0,0.0,243,96000,96000,192044,pcm_s16le,16000,5.153500009328127,21.042299980763346,11.054500006139278,256.0586666666667,efb2d7916220e173df79b359d56a792f32f7cf3d761204dbd7040d058f797b1c,PCM-16,5.1475434526401836e-08,1.527755363330263e-06,0.9999999999999998,True,True,True
libri_2803-154320-0000,public_speech,speech,1.1,mp3,16000,0,32000,mp3_16000_32000,.mp3,20.83057588528583,12.340713594715853,20.83057588528583,0,0.0,0.00825928422152308,0.058334924555168595,293,96000,96000,24560,mp3float,16000,29.692500014789402,17.424299963749945,9.959899995010346,32.74666666666667,5fd7177568844e9806f19b63766222138bf6837015c42d7e5f2446b3236c645e,Global-only,0.07407504056241632,1.5532675322876703,0.9939632013776752,True,False,False
libri_2803-154320-0000,public_speech,speech,1.1,mp3,16000,0,64000,mp3_16000_64000,.mp3,25.687807376251914,19.78481877354458,25.687807376251914,0,0.0,0.002699101784772575,0.010507953025179578,293,96000,96000,49004,mp3float,16000,29.80700001353398,26.69519995106384,13.383100042119622,65.33866666666667,5e98e1697ae6df74b692b74a5df9c76914b8b5d94272a3ec4f26d1645c7fbf68,Tail-constrained,0.05091074830056022,0.5910324303198086,0.9995291517803309,True,True,True
libri_2803-154320-0000,public_speech,speech,1.1,mp3,16000,0,128000,mp3_16000_128000,.mp3,26.00666976455595,24.54222976600398,26.00666976455595,0,0.0,0.0025080317123128363,0.0035137998778243663,293,96000,96000,97964,mp3float,16000,31.575099972542375,23.11609999742359,9.298200020566583,130.61866666666666,9a2614c5ec21097bacd5f0269ad08f0c37e4a9604d82e468dac76221798ce12f,MP3-128,0.05006891012891083,0.3299786865391014,0.9999897077081632,True,True,True
libri_2803-154320-0000,public_speech,speech,1.1,aac,16000,0,128000,aac_16000_128000,.aac,42.33915038507996,21.016544185251718,-2.941265262889308,1024,64.0,5.835592554262346e-05,0.007913080456896484,293,97280,96000,51180,aac,16000,178.60349995316938,16.388599993661046,9.71050001680851,68.24,76d394d338078e35a4de1b111688d47390043459d355a0904e2c8b203bd008de,AAC-128,0.005653502027202494,0.4141534950800549,0.9995354813981712,True,True,True
libri_2803-154320-0000,public_speech,speech,1.1,opus,48000,0,64000,opus_48000_64000,.ogg,22.289410148362716,8.947413032836263,22.289410148362716,0,0.0,0.005902812457577172,0.12742618961083213,293,96000,96000,48777,opus,48000,58.24500002199784,29.221099975984544,14.667399984318763,65.036,6fc548386e4559a8a01278f935b211d4de8019d45c5f3953ced5808f4ae11570,Opus-64,0.053393734657675225,1.3000166043859018,0.9964044978903643,True,False,False
libri_2803-154320-0000,public_speech,speech,1.1,wav,16000,16,0,wav_16000_16,.wav,120.0,120.0,120.0,0,0.0,0.0,0.0,293,96000,96000,192044,pcm_s16le,16000,6.1712999595329165,33.858200011309236,9.463499998673797,256.0586666666667,c02a4db9ef7ce8672d4468f2e8ffc43844bfa29e8d7b6a9bd996a70f1dc3965a,PCM-16,5.1178495761936165e-08,1.5989520737135386e-06,0.9999999999999996,True,True,True
libri_2902-9006-0001,public_speech,speech,1.1,opus,48000,0,64000,opus_48000_64000,.ogg,23.748406057789687,9.924112062289453,23.748406057789687,0,0.0,0.004218513023605281,0.10176274041409172,235,96000,96000,48777,opus,48000,58.01660002907738,35.2396999951452,13.973300054203719,65.036,ac6d3d539cdb3e47016fd9ba66dac12259bc0c4dea1d7b5af9a2fc4006ba8b2d,Global-only,0.04622150481059178,1.1944455001714516,0.9965278931875942,True,False,False
libri_2902-9006-0001,public_speech,speech,1.1,aac,16000,0,64000,aac_16000_64000,.aac,32.43655725971716,17.513665634374917,-3.4582796285015966,1024,64.0,0.0005706164322371038,0.017726926195758802,235,97280,96000,50824,aac,16000,134.75550001021475,16.430200019385666,9.63939999928698,67.76533333333333,b711707f6ad5007e9e7a870a21fde2ecafa4bb15adf7da717d8ad3b9cf2ec1bd,Tail-constrained,0.01741675798533644,0.40131556738511703,0.9991388134025708,True,True,True
libri_2902-9006-0001,public_speech,speech,1.1,mp3,16000,0,128000,mp3_16000_128000,.mp3,23.55107748964963,9.335463647100644,23.55107748964963,0,0.0,0.004414609068020084,0.11653426337427587,235,96000,96000,97964,mp3float,16000,32.393200031947345,20.35110001452267,8.98889999371022,130.61866666666666,7119c57dd9c2abcf84c4eba13e1620ceb147211b2be9948f6a422e90decd392b,MP3-128,0.06627729818188746,1.308648732727295,0.9999854319947109,True,False,False
libri_2902-9006-0001,public_speech,speech,1.1,aac,16000,0,128000,aac_16000_128000,.aac,40.15674362806254,19.622649895195888,-3.467735108945875,1024,64.0,9.6455198071354e-05,0.01090774585339867,235,97280,96000,52602,aac,16000,156.16569999838248,13.991900021210313,8.3769999910146,70.136,93b2ac56cbe91bb7bab635bf521910f867cb1fd727ba61cd03f3995c30ac800f,AAC-128,0.007085058870777987,0.26599325516953826,0.9997570318754324,True,True,True
libri_2902-9006-0001,public_speech,speech,1.1,opus,48000,0,64000,opus_48000_64000,.ogg,23.748406057789687,9.924112062289453,23.748406057789687,0,0.0,0.004218513023605281,0.10176274041409172,235,96000,96000,48777,opus,48000,58.01660002907738,35.2396999951452,13.973300054203719,65.036,ac6d3d539cdb3e47016fd9ba66dac12259bc0c4dea1d7b5af9a2fc4006ba8b2d,Opus-64,0.04622150481059178,1.1944455001714516,0.9965278931875942,True,False,False
libri_2902-9006-0001,public_speech,speech,1.1,wav,16000,16,0,wav_16000_16,.wav,120.0,120.0,120.0,0,0.0,0.0,0.0,235,96000,96000,192044,pcm_s16le,16000,5.658899957779795,27.530600025784224,10.58159995591268,256.0586666666667,809d10961e4b19fdb297232cfbe4d86fd94f57f668621a8a9f398fde0f0d2796,PCM-16,5.202229192227517e-08,6.254262940666666e-07,0.9999999999999998,True,True,True
libri_3000-15664-0001,public_speech,speech,1.1,mp3,16000,0,32000,mp3_16000_32000,.mp3,21.36088419194057,6.933523251324505,21.36088419194057,0,0.0,0.007309902440418778,0.2026038411550994,221,96000,96000,24560,mp3float,16000,29.09720002207905,21.071999974083155,9.167900017928332,32.74666666666667,a8c58ca4ee34e3b616764a749fc15ab076b5ab5262cd9057f3cadf1de2b6e72a,Global-only,0.07069544787064558,1.8483554739389867,0.9946964329367979,True,False,False
libri_3000-15664-0001,public_speech,speech,1.1,aac,16000,0,64000,aac_16000_64000,.aac,35.09742722025024,20.549852491382715,-2.95901002688114,1024,64.0,0.00030921266795835053,0.008810787984419189,221,97280,96000,52186,aac,16000,151.64629998616874,23.22269999422133,10.749699955340475,69.58133333333333,ddd38ad140ef2891fe30ccac9c74e8d7a55938ac20cdf5d6f506802174dae1cc,Tail-constrained,0.012961527423476856,0.38075199233494705,0.9996648202969417,True,True,True
libri_3000-15664-0001,public_speech,speech,1.1,mp3,16000,0,128000,mp3_16000_128000,.mp3,25.492009530671133,14.188669848707406,25.492009530671133,0,0.0,0.002823573172720989,0.03811825535962341,221,96000,96000,97964,mp3float,16000,29.838700022082776,18.43089994508773,11.023500002920628,130.61866666666666,af21c2ddc1a44eed5c6faaf8b029431af01ff9bd04bd7fae86f1d48ae94032de,MP3-128,0.05309512145358455,0.9821983785676573,0.9999911897338126,True,False,False
libri_3000-15664-0001,public_speech,speech,1.1,aac,16000,0,128000,aac_16000_128000,.aac,39.89709480885659,17.595848120503906,-2.9600170968941986,1024,64.0,0.00010239777479993794,0.01739462970426547,221,97280,96000,53255,aac,16000,192.29300000006333,20.99709998583421,13.993899978231639,71.00666666666666,cfc24d964ee8422f6c0b02e92ea9aefe5f88802d4983fe6c8dfd34e2c33780aa,AAC-128,0.00735029504106071,0.30641460429714995,0.9998688005993313,True,True,True
libri_3000-15664-0001,public_speech,speech,1.1,opus,48000,0,64000,opus_48000_64000,.ogg,20.949727175998145,11.119454848499393,20.949727175998145,0,0.0,0.008035766013206913,0.07727775825102674,221,96000,96000,48777,opus,48000,51.79130000760779,30.579300015233457,14.489599969238043,65.036,20f8384925d8715168e115a9fd37281710dbbe63dd8cbb8bb07cb4bee25fb30b,Opus-64,0.06381650943517285,1.426691506356185,0.9950818716249782,True,False,False
libri_3000-15664-0001,public_speech,speech,1.1,wav,16000,16,0,wav_16000_16,.wav,120.0,120.0,120.0,0,0.0,0.0,0.0,221,96000,96000,192044,pcm_s16le,16000,5.707499978598207,28.76090002246201,12.78190000448376,256.0586666666667,3c9d8c01610031af943cc34d00335ffb26d99596ff3dd309df6ba426cd29bfb1,PCM-16,5.2306937500820713e-08,8.354171224718789e-07,0.9999999999999998,True,True,True
libri_3081-166546-0000,public_speech,speech,1.1,aac,16000,0,64000,aac_16000_64000,.aac,32.39109524701201,13.426642151392866,-2.905280194225799,1024,64.0,0.0005766210270295387,0.04542927278666521,300,97280,96000,50994,aac,16000,212.61210000375286,16.526899999007583,9.318600001279265,67.992,bbcb75f106abd35e1e20611ebd4646d09492c67e902f149ca62ea0094f4768a6,Global-only,0.01725557574546846,1.0571894031015667,0.9986101160734052,True,False,False
libri_3081-166546-0000,public_speech,speech,1.1,wav,16000,16,0,wav_16000_16,.wav,120.0,120.0,120.0,0,0.0,0.0,0.0,300,96000,96000,192044,pcm_s16le,16000,5.332100030500442,22.552600014023483,9.179800050333142,256.0586666666667,ce1a4503ac8179f2a447d3b78ad0403ae6944c2d17f4ce3a1fc4acfde782af62,Tail-constrained,4.940140506392992e-08,1.6993955158822228e-06,0.999999999999999,True,True,True
libri_3081-166546-0000,public_speech,speech,1.1,mp3,16000,0,128000,mp3_16000_128000,.mp3,14.909616584145631,6.27466024893434,14.909616584145631,0,0.0,0.03228779161133374,0.23579466522659592,300,96000,96000,97964,mp3float,16000,39.2547000083141,25.42429999448359,11.625599989201874,130.61866666666666,11a5c3b68cab3c33acf5858b0da59cce00fadc035230672d8b4c799aa634ce40,MP3-128,0.178342193753936,4.027464286111417,0.9999695166760445,False,False,False
libri_3081-166546-0000,public_speech,speech,1.1,aac,16000,0,128000,aac_16000_128000,.aac,33.99452917961319,13.34917621235171,-2.90766891882906,1024,64.0,0.0003986089833305885,0.046246873605327685,300,97280,96000,53206,aac,16000,198.03139998111874,20.309499988798052,9.33989998884499,70.94133333333333,bc1ffa284fd29ecdf9d29cc01173114cf8f660d57ad4e4fc59a5a6472379bbc7,AAC-128,0.014222319172244504,1.0131969561495568,0.998729502932728,True,False,False
libri_3081-166546-0000,public_speech,speech,1.1,opus,48000,0,64000,opus_48000_64000,.ogg,17.33795534789896,3.54914878778753,17.33795534789896,0,0.0,0.018458842542610942,0.441657003137598,300,96000,96000,48777,opus,48000,54.22039999393746,40.15600000275299,16.776599979493767,65.036,af3d5de73a5170b14e7b4eff43bcc89761167d6acb70ce2f8091446ce32816c4,Opus-64,0.11042307368653488,2.4033089417017184,0.9955758100338835,False,False,False
libri_3081-166546-0000,public_speech,speech,1.1,wav,16000,16,0,wav_16000_16,.wav,120.0,120.0,120.0,0,0.0,0.0,0.0,300,96000,96000,192044,pcm_s16le,16000,5.332100030500442,22.552600014023483,9.179800050333142,256.0586666666667,ce1a4503ac8179f2a447d3b78ad0403ae6944c2d17f4ce3a1fc4acfde782af62,PCM-16,4.940140506392992e-08,1.6993955158822228e-06,0.999999999999999,True,True,True
libri_3170-137482-0000,public_speech,speech,1.1,opus,48000,0,64000,opus_48000_64000,.ogg,21.21426763054488,9.903700252036913,21.21426763054488,0,0.0,0.007560895522204816,0.10224215031085439,253,96000,96000,48777,opus,48000,54.12420001812279,32.40610001375899,12.66769994981587,65.036,ea2513060304e5fe80f0d42fd97613d89f7d51e82f84e2fd7ad10064ea2553eb,Global-only,0.06024899192236242,1.6520897478097865,0.9974113168142994,True,False,False
libri_3170-137482-0000,public_speech,speech,1.1,mp3,16000,0,64000,mp3_16000_64000,.mp3,25.460707560395303,18.14394479448804,25.460707560395303,0,0.0,0.002843997720467909,0.015332236885435863,253,96000,96000,49004,mp3float,16000,35.00130004249513,26.014300005044788,16.31380000617355,65.33866666666667,5c5470d0bb640c2ccf9a79ea3cc01d8c175c0c87634a49b0f07e7c1d4e9e4301,Tail-constrained,0.05167895308425954,0.7703671161028999,0.999661840852549,True,True,True
libri_3170-137482-0000,public_speech,speech,1.1,mp3,16000,0,128000,mp3_16000_128000,.mp3,26.006978028224633,25.37752416770964,26.006978028224633,0,0.0,0.0025078536977050114,0.0028989957804395274,253,96000,96000,97964,mp3float,16000,30.956300033722073,28.736399952322245,11.742200003936887,130.61866666666666,72998c5b5d659e3a8207730e6af569d79cf8de5dd4344a571ae155ec69a4e676,MP3-128,0.05004118886404358,0.3013755291792232,0.9999872078367862,True,True,True
libri_3170-137482-0000,public_speech,speech,1.1,aac,16000,0,128000,aac_16000_128000,.aac,39.05061210592714,19.316714690816102,-2.836839033328028,1024,64.0,0.00012443392190088066,0.011703844173923863,253,97280,96000,55436,aac,16000,143.89780000783503,26.330400025472045,9.512499964330345,73.91466666666666,1b8f2ad54117f6c41d43b39b9dfc4250c21109d056d5b112385a0308f6303287,AAC-128,0.007613011617797795,0.4081157426731506,0.9998310434953378,True,True,True
libri_3170-137482-0000,public_speech,speech,1.1,opus,48000,0,64000,opus_48000_64000,.ogg,21.21426763054488,9.903700252036913,21.21426763054488,0,0.0,0.007560895522204816,0.10224215031085439,253,96000,96000,48777,opus,48000,54.12420001812279,32.40610001375899,12.66769994981587,65.036,ea2513060304e5fe80f0d42fd97613d89f7d51e82f84e2fd7ad10064ea2553eb,Opus-64,0.06024899192236242,1.6520897478097865,0.9974113168142994,True,False,False
libri_3170-137482-0000,public_speech,speech,1.1,wav,16000,16,0,wav_16000_16,.wav,120.0,120.0,120.0,0,0.0,0.0,0.0,253,96000,96000,192044,pcm_s16le,16000,7.716000021900982,27.007400000002235,9.812600037548691,256.0586666666667,9edf3bb1780f749afd7ae4c510afde6c82b486ae47189e273c00736d4f67a14f,PCM-16,5.1631920454776466e-08,1.1453271906413107e-06,0.9999999999999998,True,True,True
libri_3536-23268-0000,public_speech,speech,1.1,opus,48000,0,64000,opus_48000_64000,.ogg,20.086615694320894,8.041909674199397,20.086615694320894,0,0.0,0.00980253565326137,0.15696724381832697,280,96000,96000,48777,opus,48000,59.18079998809844,31.231799977831542,14.725000015459955,65.036,b57b514e60e87956ebc5ad3e69b34b7228501fc1163b440f2e614cc8cb785de9,Global-only,0.08059021538274203,1.6133138169079266,0.9969887578753032,True,False,False
libri_3536-23268-0000,public_speech,speech,1.1,aac,16000,0,64000,aac_16000_64000,.aac,30.890858724870558,17.091114666463543,-2.9667072336796236,1024,64.0,0.0008145432095199261,0.019538379165654655,280,97280,96000,54022,aac,16000,100.30130000086501,18.460300052538514,13.558400038164109,72.02933333333333,8e0133f4d56123b08d9837417e47a5ed53fec7c78e0d84c2fb21ec3bedca1376,Tail-constrained,0.02088459978339186,0.6254775048012517,0.999374517886241,True,True,True
libri_3536-23268-0000,public_speech,speech,1.1,mp3,16000,0,128000,mp3_16000_128000,.mp3,23.969111988802972,6.99899924327818,23.969111988802972,0,0.0,0.004009486920811537,0.19957221417304982,280,96000,96000,97964,mp3float,16000,31.790399982128292,24.129899975378066,10.123500018380582,130.61866666666666,28f50afc45622288e2cfb792d8352ab7ec216814cde489c6f08eb371bf1d064f,MP3-128,0.06336691963518434,1.4186777319946293,0.9999929610944235,True,False,False
libri_3536-23268-0000,public_speech,speech,1.1,aac,16000,0,128000,aac_16000_128000,.aac,31.38999752962533,15.127818155232223,-2.9826718143077082,1024,64.0,0.0007261063704623404,0.030705642165697378,280,97280,96000,58436,aac,16000,144.6639000205323,19.923500018194318,11.701200040988624,77.91466666666666,63bc852238278ed111557af550b736e659ee95f1150f7e3f7c31047842a27d56,AAC-128,0.019315878553613337,0.3668975687893054,0.9997837379833657,True,True,True
libri_3536-23268-0000,public_speech,speech,1.1,opus,48000,0,64000,opus_48000_64000,.ogg,20.086615694320894,8.041909674199397,20.086615694320894,0,0.0,0.00980253565326137,0.15696724381832697,280,96000,96000,48777,opus,48000,59.18079998809844,31.231799977831542,14.725000015459955,65.036,b57b514e60e87956ebc5ad3e69b34b7228501fc1163b440f2e614cc8cb785de9,Opus-64,0.08059021538274203,1.6133138169079266,0.9969887578753032,True,False,False
libri_3536-23268-0000,public_speech,speech,1.1,wav,16000,16,0,wav_16000_16,.wav,120.0,120.0,120.0,0,0.0,0.0,0.0,280,96000,96000,192044,pcm_s16le,16000,5.2637000335380435,27.346199960447848,9.959999995771796,256.0586666666667,b896d2ab08ede7262f93f239c506735d8441f594859d21306e3146a32d1ac564,PCM-16,5.2143941451411517e-08,8.530354491362146e-07,0.9999999999999999,True,True,True
libri_3576-138058-0000,public_speech,speech,1.1,opus,48000,0,64000,opus_48000_64000,.ogg,20.26848388849359,10.231853405680454,20.26848388849359,0,0.0,0.009400514229621891,0.09480138002873148,300,96000,96000,48777,opus,48000,74.36299999244511,41.90319997724146,14.941699977498502,65.036,81d2aa1a32d00a77d368bcb58b88da6f20b857404e0729de2b66171d039b92b4,Global-only,0.06821726643739455,2.081566700005632,0.9959450711534059,True,False,False
libri_3576-138058-0000,public_speech,speech,1.1,aac,16000,0,128000,aac_16000_128000,.aac,34.81504289512187,18.006045077883087,-3.0533420274837586,1024,64.0,0.0003299861486324985,0.015826886657240632,300,97280,96000,57940,aac,16000,154.9951999913901,22.775700024794787,9.52969997888431,77.25333333333333,098f88b752b44d27e156866ebda0888e994931c48b77e22aa7a6c049199014f5,Tail-constrained,0.01242667304103933,0.7509663827564814,0.9992837338158452,True,True,True
libri_3576-138058-0000,public_speech,speech,1.1,mp3,16000,0,128000,mp3_16000_128000,.mp3,21.668752336144074,12.189696418090266,21.668752336144074,0,0.0,0.00680964961764022,0.060399084826109915,300,96000,96000,97964,mp3float,16000,30.51830001641065,17.655099974945188,8.95769998896867,130.61866666666666,5fa800383063be013752377e71d3d39c00b420236c322279ee04f36737fe0c65,MP3-128,0.0802775647382744,2.4577682364071127,0.9999730688847023,True,False,False
libri_3576-138058-0000,public_speech,speech,1.1,aac,16000,0,128000,aac_16000_128000,.aac,34.81504289512187,18.006045077883087,-3.0533420274837586,1024,64.0,0.0003299861486324985,0.015826886657240632,300,97280,96000,57940,aac,16000,154.9951999913901,22.775700024794787,9.52969997888431,77.25333333333333,098f88b752b44d27e156866ebda0888e994931c48b77e22aa7a6c049199014f5,AAC-128,0.01242667304103933,0.7509663827564814,0.9992837338158452,True,True,True
libri_3576-138058-0000,public_speech,speech,1.1,opus,48000,0,64000,opus_48000_64000,.ogg,20.26848388849359,10.231853405680454,20.26848388849359,0,0.0,0.009400514229621891,0.09480138002873148,300,96000,96000,48777,opus,48000,74.36299999244511,41.90319997724146,14.941699977498502,65.036,81d2aa1a32d00a77d368bcb58b88da6f20b857404e0729de2b66171d039b92b4,Opus-64,0.06821726643739455,2.081566700005632,0.9959450711534059,True,False,False
libri_3576-138058-0000,public_speech,speech,1.1,wav,16000,16,0,wav_16000_16,.wav,120.0,120.0,120.0,0,0.0,0.0,0.0,300,96000,96000,192044,pcm_s16le,16000,9.123799973167479,24.090500024612993,9.36820002971217,256.0586666666667,f15d7f1ecc4e34266fd1ace2860708a9559561b01c57d428b92b0769f5cc262e,PCM-16,5.027653286508348e-08,1.5670007966648522e-06,0.9999999999999998,True,True,True
libri_3752-4943-0000,public_speech,speech,1.1,mp3,16000,0,32000,mp3_16000_32000,.mp3,21.73897263046961,4.750714640907271,21.73897263046961,0,0.0,0.006700430964511164,0.3349103244093906,262,96000,96000,24560,mp3float,16000,37.00860001845285,17.960299970582128,10.673100012354553,32.74666666666667,f73c3553306af325788a73cbda466fd7f0fc8802a09ae04b6d0e1d1da4ae540c,Global-only,0.06864698593300435,2.467328060636583,0.9941989275098452,True,False,False
libri_3752-4943-0000,public_speech,speech,1.1,aac,16000,0,128000,aac_16000_128000,.aac,40.020283966443316,17.01045546140975,-2.7714991088339023,1024,64.0,9.953403342093294e-05,0.01990464580326527,262,97280,96000,55624,aac,16000,158.02029997576028,21.89959998941049,9.952599997632205,74.16533333333334,1de248407113b75974b847e57e631c8b7739c6206901b08fb8dc42aa754d06ab,Tail-constrained,0.0072652407607243265,0.5090728754722432,0.9996927187926562,True,True,True
libri_3752-4943-0000,public_speech,speech,1.1,mp3,16000,0,128000,mp3_16000_128000,.mp3,25.83346759493349,16.394627844962272,25.83346759493349,0,0.0,0.002610076524243401,0.022937031737273034,262,96000,96000,97964,mp3float,16000,31.130500021390617,18.324000004213303,9.403100004419684,130.61866666666666,02d1ca896114e14e067bd5923d9020c94af012ce4e2ce861b279a051037788db,MP3-128,0.051064384680196535,1.0362863856312654,0.9999867336408702,True,True,True
libri_3752-4943-0000,public_speech,speech,1.1,aac,16000,0,128000,aac_16000_128000,.aac,40.020283966443316,17.01045546140975,-2.7714991088339023,1024,64.0,9.953403342093294e-05,0.01990464580326527,262,97280,96000,55624,aac,16000,158.02029997576028,21.89959998941049,9.952599997632205,74.16533333333334,1de248407113b75974b847e57e631c8b7739c6206901b08fb8dc42aa754d06ab,AAC-128,0.0072652407607243265,0.5090728754722432,0.9996927187926562,True,True,True
libri_3752-4943-0000,public_speech,speech,1.1,opus,48000,0,64000,opus_48000_64000,.ogg,22.233596914951903,9.951552300071123,22.233596914951903,0,0.0,0.005979161836277696,0.10112179497219088,262,96000,96000,48777,opus,48000,60.213200049474835,30.991800012998283,14.058800006750971,65.036,a68cff1030ff33624e9e89b2693ce4a061beb8a80e0edd266ceb44081143414d,Opus-64,0.054207617797037304,1.7858058241464552,0.9961152007188669,True,False,False
libri_3752-4943-0000,public_speech,speech,1.1,wav,16000,16,0,wav_16000_16,.wav,120.0,120.0,120.0,0,0.0,0.0,0.0,262,96000,96000,192044,pcm_s16le,16000,5.701499991118908,25.4910999792628,9.969999955501407,256.0586666666667,eab80997870f7a4a4e1d22ee7b3d5bfb88813ad670c97c9cc0aadacebfe7c579,PCM-16,5.339489030853981e-08,1.6010847325949933e-06,0.9999999999999997,True,True,True
libri_3853-163249-0000,public_speech,speech,1.1,aac,16000,0,64000,aac_16000_64000,.aac,24.320902083977685,14.539234229489601,-3.039607396107714,1024,64.0,0.0036975136981752025,0.035162243495034363,300,97280,96000,55771,aac,16000,87.68300001975149,21.52479998767376,10.404200002085418,74.36133333333333,4fb9191def47789a4bc28703ee0044a2c436bf02c85ed627e6e1ba8120cfc66e,Global-only,0.044238799720045005,1.7089351726629338,0.9980496679907278,True,False,False
libri_3853-163249-0000,public_speech,speech,1.1,aac,16000,0,128000,aac_16000_128000,.aac,31.325046353653498,18.573266563073766,-3.0621451097607593,1024,64.0,0.0007370473085518478,0.013889075659342102,300,97280,96000,61448,aac,16000,112.96040000161156,24.879599979612976,9.107599966228008,81.93066666666667,ad81595064e304a1cb16769ff7da9682066289db1f5112de60ccfdbc80a093d9,Tail-constrained,0.019974671054299245,1.0731305467475476,0.9996411117411965,True,True,True
libri_3853-163249-0000,public_speech,speech,1.1,mp3,16000,0,128000,mp3_16000_128000,.mp3,20.670860604042524,10.219592813933115,20.670860604042524,0,0.0,0.008568680302336837,0.09506939246928005,300,96000,96000,97964,mp3float,16000,26.437399967107922,14.443600026424974,9.10450000083074,130.61866666666666,80bed74056d59f7c504a4c26c0c2114f2b33b155153cdef522925a924a656aef,MP3-128,0.09239631170886282,3.083259260508658,0.9999829464698333,True,False,False
libri_3853-163249-0000,public_speech,speech,1.1,aac,16000,0,128000,aac_16000_128000,.aac,31.325046353653498,18.573266563073766,-3.0621451097607593,1024,64.0,0.0007370473085518478,0.013889075659342102,300,97280,96000,61448,aac,16000,112.96040000161156,24.879599979612976,9.107599966228008,81.93066666666667,ad81595064e304a1cb16769ff7da9682066289db1f5112de60ccfdbc80a093d9,AAC-128,0.019974671054299245,1.0731305467475476,0.9996411117411965,True,True,True
libri_3853-163249-0000,public_speech,speech,1.1,opus,48000,0,64000,opus_48000_64000,.ogg,17.594862737469242,10.27763587217494,17.594862737469242,0,0.0,0.017398576868777122,0.09380725176328344,300,96000,96000,48777,opus,48000,47.82350000459701,26.35800000280142,17.14060001540929,65.036,b207545ccf16544976857c8d8ea4e70b2dd1db14f9a778de25d2ffe2b31ea678,Opus-64,0.09303201892338855,2.716688355852796,0.9970648023449012,False,False,False
libri_3853-163249-0000,public_speech,speech,1.1,wav,16000,16,0,wav_16000_16,.wav,120.0,120.0,120.0,0,0.0,0.0,0.0,300,96000,96000,192044,pcm_s16le,16000,5.245600012131035,24.023499980103225,9.792099997866899,256.0586666666667,a0e238bed51b610fb320000e88153147cb96a9dd7c7fb6abeba6c4bc13b352b4,PCM-16,5.0379909559308586e-08,1.739734232411184e-06,0.9999999999999998,True,True,True
libri_5338-24615-0000,public_speech,speech,1.1,opus,48000,0,64000,opus_48000_64000,.ogg,22.486397953847362,11.189258182082309,22.486397953847362,0,0.0,0.005641053318184218,0.07604561592785906,271,96000,96000,48777,opus,48000,54.75710000609979,35.43370001716539,12.978800048585981,65.036,2ac78b0f17e0eec5d6ce29ca5648c1c0304c341ff7a8ed4a3a8a8eed8b510239,Global-only,0.05560748300813867,1.3773609268572633,0.9969058903471787,True,False,False
libri_5338-24615-0000,public_speech,speech,1.1,aac,16000,0,64000,aac_16000_64000,.aac,38.376803281696844,20.60503007147132,-2.829801716536324,1024,64.0,0.00014531808691711852,0.008699554092885909,271,97280,96000,52337,aac,16000,144.75650002714247,16.27369999187067,10.70009998511523,69.78266666666667,39147b435ac7d928db2d83f192456e166a6131f49029e70d6c93d5366ad21ce3,Tail-constrained,0.008765285929195806,0.34956926072381617,0.9998730611356865,True,True,True
libri_5338-24615-0000,public_speech,speech,1.1,mp3,16000,0,128000,mp3_16000_128000,.mp3,21.586868419339716,8.884368483626986,21.586868419339716,0,0.0,0.0069392599702384665,0.12928946895652296,271,96000,96000,97964,mp3float,16000,31.511799956206232,25.23770002881065,8.641400025226176,130.61866666666666,976f524359aaf3bbce2f24682a7534e7959a2731117e34bffda1de19608a418c,MP3-128,0.08458356828601486,1.2406848268204125,0.9999951515655049,True,False,False
libri_5338-24615-0000,public_speech,speech,1.1,aac,16000,0,128000,aac_16000_128000,.aac,40.78313016635634,22.44379801964775,-2.834537009283359,1024,64.0,8.35000976481866e-05,0.005696658665713796,271,97280,96000,55481,aac,16000,160.8233000151813,15.607200039085,8.457299962174147,73.97466666666665,7c3b2d0914cf7926b5d801dec3e9e31a49e2d19a33c37e1c9062daf894f67517,AAC-128,0.006809173231873919,0.284394791000295,0.9998892282268744,True,True,True
libri_5338-24615-0000,public_speech,speech,1.1,opus,48000,0,64000,opus_48000_64000,.ogg,22.486397953847362,11.189258182082309,22.486397953847362,0,0.0,0.005641053318184218,0.07604561592785906,271,96000,96000,48777,opus,48000,54.75710000609979,35.43370001716539,12.978800048585981,65.036,2ac78b0f17e0eec5d6ce29ca5648c1c0304c341ff7a8ed4a3a8a8eed8b510239,Opus-64,0.05560748300813867,1.3773609268572633,0.9969058903471787,True,False,False
libri_5338-24615-0000,public_speech,speech,1.1,wav,16000,16,0,wav_16000_16,.wav,120.0,120.0,120.0,0,0.0,0.0,0.0,271,96000,96000,192044,pcm_s16le,16000,5.656499997712672,24.355800007469952,8.965599990915507,256.0586666666667,e83d352cbcd677abb8e269c6af837029389b97902f2fe314ec1184dcf2e46420,PCM-16,5.191881159626548e-08,7.527958501767884e-07,0.9999999999999997,True,True,True
libri_5536-43358-0001,public_speech,speech,1.1,mp3,8000,0,32000,mp3_8000_32000,.mp3,21.1070667202687,4.425327669813806,21.1070667202687,0,0.0,0.0077498505576075755,0.3609667780621445,228,96000,96000,25100,mp3float,8000,23.175999987870455,21.252500009723008,11.267399997450411,33.46666666666667,0084a562bf9766fcaa07c6f5571c325ddf77e847537881832e1339e2a3a8f446,Global-only,0.08051796747725269,3.4786516805997,0.9766822962117447,True,False,False
libri_5536-43358-0001,public_speech,speech,1.1,mp3,16000,0,64000,mp3_16000_64000,.mp3,25.344227111266022,15.491196246906176,25.344227111266022,0,0.0,0.0029213076021421284,0.028241019800958805,228,96000,96000,49004,mp3float,16000,37.52030001487583,21.25960000557825,8.359799976460636,65.33866666666667,5ac95a88339ccd73aa739069d2395811108fb8d57f778aa09133a6eaef352864,Tail-constrained,0.052973601406722866,1.152494946471073,0.9995478280296173,True,True,True
libri_5536-43358-0001,public_speech,speech,1.1,mp3,16000,0,128000,mp3_16000_128000,.mp3,25.721206281840907,16.205517524890965,25.721206281840907,0,0.0,0.002678424271315311,0.023957872399222684,228,96000,96000,97964,mp3float,16000,33.22479996131733,19.884799956344068,8.912699995562434,130.61866666666666,9954915b09099dda2f9193caac6202002ec2aabfaafe41c95477d1203d927501,MP3-128,0.05174946719758081,1.0046027311901844,0.9999865997335741,True,True,True
libri_5536-43358-0001,public_speech,speech,1.1,aac,16000,0,128000,aac_16000_128000,.aac,39.84176484664327,21.205405699819913,-2.9270813501703663,1024,64.0,0.00010371068800582772,0.007576339545509438,228,97280,96000,52947,aac,16000,190.74160000309348,16.810700006317347,9.713899984490126,70.596,e8b55bae153eb4616f84503f513c41a1093971e0dc495808ae7892cbf4f5be62,AAC-128,0.007537633744875451,0.5169227258342423,0.999834420787009,True,True,True
libri_5536-43358-0001,public_speech,speech,1.1,opus,48000,0,64000,opus_48000_64000,.ogg,20.994156004376833,10.511123139352598,20.994156004376833,0,0.0,0.007953978258802232,0.08889711891614302,228,96000,96000,48777,opus,48000,50.495600036811084,30.292700044810772,12.896100000943989,65.036,353d66d52632b0a805530df542dc723153f70d1fb2bb8418c1eac11a68c0f4db,Opus-64,0.0626855865857838,1.7487728363456476,0.9954846782625927,True,False,False
libri_5536-43358-0001,public_speech,speech,1.1,wav,16000,16,0,wav_16000_16,.wav,120.0,120.0,120.0,0,0.0,0.0,0.0,228,96000,96000,192044,pcm_s16le,16000,7.834199990611523,22.423599963076413,8.119400008581579,256.0586666666667,7e51a90506c646905ce6b0dc6ff0faffda4353380556ac08402603cbcb27dea9,PCM-16,4.977762231132023e-08,1.1560978129104183e-06,0.9999999999999998,True,True,True
libri_5694-64025-0002,public_speech,speech,1.1,mp3,16000,0,32000,mp3_16000_32000,.mp3,20.467047900050773,4.679966658081462,20.467047900050773,0,0.0,0.00898039025631631,0.34041080311336774,251,96000,96000,24560,mp3float,16000,31.460999976843596,21.74569998169318,9.869200002867728,32.74666666666667,edf0489cbd2bab5da14fcda5cbfc49d07ced825c6853426340cf8d22c8ef6270,Global-only,0.0779519291872503,2.45868366472093,0.9946079038864308,True,False,False
libri_5694-64025-0002,public_speech,speech,1.1,aac,16000,0,64000,aac_16000_64000,.aac,36.05102574136457,16.69140652932755,-3.0168855673350636,1024,64.0,0.00024825466940743833,0.02142196705483995,251,97280,96000,51773,aac,16000,140.97329997457564,23.428999993484467,10.057599982246757,69.03066666666666,70e49f2b79dd5d9bd2bc3e975f10358c8b298022ff68fd96e6f701feab7a2fe1,Tail-constrained,0.012081556837132265,0.5720489929997848,0.9996802723069081,True,True,True
libri_5694-64025-0002,public_speech,speech,1.1,mp3,16000,0,128000,mp3_16000_128000,.mp3,25.09350045570273,14.361252384696574,25.09350045570273,0,0.0,0.003094923755030867,0.03663319194608093,251,96000,96000,97964,mp3float,16000,30.1268000039272,21.4818999520503,9.255799988750368,130.61866666666666,695e2485a93d3359a462d4286ed886ddac9ce80403231a9080d62eeaeb84b254,MP3-128,0.055779917996730044,1.3949824959071255,0.9999897537464504,True,False,False
libri_5694-64025-0002,public_speech,speech,1.1,aac,16000,0,128000,aac_16000_128000,.aac,39.84574891474889,18.18314851206531,-3.0189316582715033,1024,64.0,0.00010361559101608934,0.015194455753041887,251,97280,96000,53178,aac,16000,160.46789998654276,21.24889998231083,9.96830000076443,70.904,533e41e14b711910949dae95c828dbbb6b5612ee056fa8af58ce28a3ac9d57be,AAC-128,0.007633914013881474,0.4399447683650669,0.9997529030209836,True,True,True
libri_5694-64025-0002,public_speech,speech,1.1,opus,48000,0,64000,opus_48000_64000,.ogg,21.645285838433427,9.66271834763833,21.645285838433427,0,0.0,0.0068465441989201325,0.10807572690638191,251,96000,96000,48777,opus,48000,52.84459999529645,33.889499958604574,16.295799985527992,65.036,0b0da326a89bf002f3c9461d65ae28cd4d46ff8bd402e2255c207a8cff7fac91,Opus-64,0.05802803876556151,1.633832987622653,0.9963627601794615,True,False,False
libri_5694-64025-0002,public_speech,speech,1.1,wav,16000,16,0,wav_16000_16,.wav,120.0,120.0,120.0,0,0.0,0.0,0.0,251,96000,96000,192044,pcm_s16le,16000,5.308400024659932,21.699300035834312,9.864899970125407,256.0586666666667,4cd95d1da5953d8448ba145ac5d5627bdd87a17472237dad801b92e6b20ec3bf,PCM-16,5.125907604827331e-08,1.0861061441404583e-06,1.0,True,True,True
libri_5895-34615-0002,public_speech,speech,1.1,mp3,16000,0,64000,mp3_16000_64000,.mp3,20.934713178988357,5.923352540899502,20.934713178988357,0,0.0,0.008063594539763711,0.25566115459382127,255,96000,96000,49004,mp3float,16000,27.95209997566417,16.66379999369383,9.054899972397834,65.33866666666667,c9f9b1313a27ff6b41b8a0286991fcf40ebb3a600ff3f14ea07a0fa96f008537,Global-only,0.0873531797453913,2.656024315728809,0.9994602772268545,True,False,False
libri_5895-34615-0002,public_speech,speech,1.1,aac,16000,0,128000,aac_16000_128000,.aac,34.38430926962658,17.548707810916007,-3.034223192770428,1024,64.0,0.00036439220078090894,0.01758446740033571,255,97280,96000,57512,aac,16000,148.29829998780042,22.385200019925833,9.308199980296195,76.68266666666666,d28cc50c6dc5306d4190ef5fb17c45948731a234c359cdb23a9d702c5e26f7c5,Tail-constrained,0.014151752672795963,0.7003497047098021,0.9994658282945365,True,True,True
libri_5895-34615-0002,public_speech,speech,1.1,mp3,16000,0,128000,mp3_16000_128000,.mp3,21.67783521766253,6.229310547516115,21.67783521766253,0,0.0,0.006795422725491062,0.23826976980781234,255,96000,96000,97964,mp3float,16000,35.77719995519146,21.685899992007762,8.43470002291724,130.61866666666666,a6dcafa7556df3c3d42a48eeaee75788a6403f42679d2f75b2d3bb9dddb91319,MP3-128,0.08319614504511087,2.411522024116536,0.999981203994712,True,False,False
libri_5895-34615-0002,public_speech,speech,1.1,aac,16000,0,128000,aac_16000_128000,.aac,34.38430926962658,17.548707810916007,-3.034223192770428,1024,64.0,0.00036439220078090894,0.01758446740033571,255,97280,96000,57512,aac,16000,148.29829998780042,22.385200019925833,9.308199980296195,76.68266666666666,d28cc50c6dc5306d4190ef5fb17c45948731a234c359cdb23a9d702c5e26f7c5,AAC-128,0.014151752672795963,0.7003497047098021,0.9994658282945365,True,True,True
libri_5895-34615-0002,public_speech,speech,1.1,opus,48000,0,64000,opus_48000_64000,.ogg,17.24309391508452,8.28807288600544,17.24309391508452,0,0.0,0.018866468225169245,0.1483176075388142,255,96000,96000,48777,opus,48000,52.11720004444942,30.665400030557066,14.097200008109212,65.036,473c914240bd167dcffec73aad91edd0a1ed1e4b4921512d0204ee72673d0212,Opus-64,0.09484880763990791,2.231643450960313,0.9971476716488867,False,False,False
libri_5895-34615-0002,public_speech,speech,1.1,wav,16000,16,0,wav_16000_16,.wav,120.0,120.0,120.0,0,0.0,0.0,0.0,255,96000,96000,192044,pcm_s16le,16000,7.270900008734316,19.470500003080815,9.847899957094342,256.0586666666667,43d96e6419afde3d1ae02afe57e05e3a6989823dcd7e295cce4737f6490f1db0,PCM-16,5.207627576936664e-08,1.3837103513718898e-06,0.9999999999999999,True,True,True
libri_6241-61943-0000,public_speech,speech,1.1,mp3,16000,0,64000,mp3_16000_64000,.mp3,22.437444498141662,10.32990135601207,22.437444498141662,0,0.0,0.005704998705181204,0.09268508752766307,261,96000,96000,49004,mp3float,16000,30.428400030359626,21.574399957899004,9.63330001104623,65.33866666666667,1cf3c079db0ba790b7cff1fbdca8baefdc4a3b9119c29d4cde9fa84c67f36168,Global-only,0.07264997583591626,2.3774988577410334,0.9996619774908044,True,False,False
libri_6241-61943-0000,public_speech,speech,1.1,aac,16000,0,128000,aac_16000_128000,.aac,34.085242953997465,18.034339517445684,-3.055714496155513,1024,64.0,0.00039036934376703876,0.015724109092486258,261,97280,96000,58602,aac,16000,128.14769998658448,13.608900015242398,10.418299993034452,78.136,30135524124411e569140ceece459dc9acfa6811e3233c9c15ecc60475b576f3,Tail-constrained,0.014703155372456717,0.6954566374577911,0.9998589315745136,True,True,True
libri_6241-61943-0000,public_speech,speech,1.1,mp3,16000,0,128000,mp3_16000_128000,.mp3,23.08794977795134,10.996505337610756,23.08794977795134,0,0.0,0.004911396791799591,0.07949676686280693,261,96000,96000,97964,mp3float,16000,28.770099976100028,20.344399963505566,9.255100041627884,130.61866666666666,a917c7e9cfbf23436fff1b0747c59bd1e13e7c87925e61f57bf8464ce2a23166,MP3-128,0.0694960419040962,2.136077445286465,0.9999905228151065,True,False,False
libri_6241-61943-0000,public_speech,speech,1.1,aac,16000,0,128000,aac_16000_128000,.aac,34.085242953997465,18.034339517445684,-3.055714496155513,1024,64.0,0.00039036934376703876,0.015724109092486258,261,97280,96000,58602,aac,16000,128.14769998658448,13.608900015242398,10.418299993034452,78.136,30135524124411e569140ceece459dc9acfa6811e3233c9c15ecc60475b576f3,AAC-128,0.014703155372456717,0.6954566374577911,0.9998589315745136,True,True,True
libri_6241-61943-0000,public_speech,speech,1.1,opus,48000,0,64000,opus_48000_64000,.ogg,19.854778486942365,9.590672110409745,19.854778486942365,0,0.0,0.010340038392787184,0.10988357713929517,261,96000,96000,48777,opus,48000,50.8162000332959,48.07469999650493,14.355099992826581,65.036,5177f06286cb7201f0bbfbe586ea3645c57525ba740957189e4c506a1feb8657,Opus-64,0.07148244184139584,2.047859426695406,0.9973326822262223,False,False,False
libri_6241-61943-0000,public_speech,speech,1.1,wav,16000,16,0,wav_16000_16,.wav,120.0,120.0,120.0,0,0.0,0.0,0.0,261,96000,96000,192044,pcm_s16le,16000,5.553399969357997,25.257400004193187,9.02140000835061,256.0586666666667,2a08a51718ae788e8e21489b787e8cf0d10598a4f86498ba36194e30297271db,PCM-16,4.9307433110823715e-08,1.5314650013607122e-06,1.0000000000000002,True,True,True
libri_6295-244435-0001,public_speech,speech,1.1,mp3,16000,0,32000,mp3_16000_32000,.mp3,20.25376609763356,8.748436284173508,20.25376609763356,0,0.0,0.00943242564187597,0.13340016648410427,284,96000,96000,24560,mp3float,16000,34.11259996937588,21.830799989402294,9.125299984589219,32.74666666666667,2c520ea8d689cd1ae5f62279f9c6b8d1f26603ff6fd0d4c023f4842fc946d391,Global-only,0.0795383251359024,1.6306448539304839,0.9951578330258721,True,False,False
libri_6295-244435-0001,public_speech,speech,1.1,aac,16000,0,64000,aac_16000_64000,.aac,32.245497645432316,21.636518384858817,-2.8538198652345628,1024,64.0,0.0005962799899272444,0.006860379831685749,284,97280,96000,51560,aac,16000,122.63569998322055,23.624699970241636,9.844499989412725,68.74666666666667,15ff5616915f5fadad07161b30b907be87dba5fc9c39dcf354ebba6960fcd959,Tail-constrained,0.02076254947233634,0.48060341181753047,0.9996049401194054,True,True,True
libri_6295-244435-0001,public_speech,speech,1.1,mp3,16000,0,128000,mp3_16000_128000,.mp3,25.724910162251312,14.917427345722,25.724910162251312,0,0.0,0.0026761409510271676,0.0322297743890708,284,96000,96000,97964,mp3float,16000,29.67390004778281,19.32340004714206,8.774899994023144,130.61866666666666,6c5d30235fc9bfbd2d8d14e71c179d040a74c55f857d43b63dadd836df258e91,MP3-128,0.05162486665189823,0.7408449864576885,0.9999931250299722,True,False,False
libri_6295-244435-0001,public_speech,speech,1.1,aac,16000,0,128000,aac_16000_128000,.aac,34.626976787596455,24.406325175000095,-2.8606612937314244,1024,64.0,0.0003445897232209796,0.0036254964357022774,284,97280,96000,56472,aac,16000,150.78740002354607,23.095000011380762,9.588100016117096,75.296,42e9631c99a820df9f454961e168d18f9c237d27fc8cc47b6dbd493ef7eb6710,AAC-128,0.016703128238087117,0.26920028150131464,0.9998552218886338,True,True,True
libri_6295-244435-0001,public_speech,speech,1.1,opus,48000,0,64000,opus_48000_64000,.ogg,18.281878265872862,6.325417988690424,18.281878265872862,0,0.0,0.01485293133832927,0.23305487997637217,284,96000,96000,48777,opus,48000,56.15449999459088,34.31039996212348,14.110199990682304,65.036,b9f77b2b193764f184ffeb74c76896bc17045f83bcb4bbcde2c1ab959cfa1846,Opus-64,0.10696338683939838,1.353794531216857,0.9956565853863616,False,False,False
libri_6295-244435-0001,public_speech,speech,1.1,wav,16000,16,0,wav_16000_16,.wav,120.0,120.0,120.0,0,0.0,0.0,0.0,284,96000,96000,192044,pcm_s16le,16000,5.8453999808989465,26.959999988321215,10.967299982439727,256.0586666666667,8bc46ec148f9cc5f23b3a87b8f6b05688777537d8ffafe06f1d2bb242deae3c3,PCM-16,4.795688396857494e-08,7.830323890394865e-07,0.9999999999999999,True,True,True
libri_6313-66125-0015,public_speech,speech,1.1,mp3,16000,0,64000,mp3_16000_64000,.mp3,24.19244807585677,11.505312800575314,24.19244807585677,0,0.0,0.0038085108081628316,0.07070802713948005,265,96000,96000,49004,mp3float,16000,27.540500042960048,13.664300029631704,8.283399976789951,65.33866666666667,d92c351394637fddd9a089603a7e33efb7e3806dade8de45e26b47c90be13144,Global-only,0.058909788256487336,1.8553240949115946,0.9996330456899529,True,False,False
libri_6313-66125-0015,public_speech,speech,1.1,aac,16000,0,128000,aac_16000_128000,.aac,35.93212573927141,17.890022952101738,-2.9280457478797284,1024,64.0,0.0002551452138827329,0.016255401648833687,265,97280,96000,58835,aac,16000,137.69249996403232,18.793799972627312,9.649500017985702,78.44666666666667,ba4e9c6e538d43a1d198bca38745e5bca52d930cdd9e610c59dc45e9cfe35861,Tail-constrained,0.011608417040696404,0.6645836298084957,0.9997974678320698,True,True,True
libri_6313-66125-0015,public_speech,speech,1.1,mp3,16000,0,128000,mp3_16000_128000,.mp3,25.0652889709878,12.47963228258093,25.0652889709878,0,0.0,0.003115093616888813,0.05649848100876237,265,96000,96000,97964,mp3float,16000,30.886400025337934,19.12010001251474,8.86579998768866,130.61866666666666,d40f3d6236da5544190ecc4e10f874a27bcad622293e61c8d66c2dfabed2e040,MP3-128,0.05572150727024409,1.5748943899445123,0.9999863258037063,True,False,False
libri_6313-66125-0015,public_speech,speech,1.1,aac,16000,0,128000,aac_16000_128000,.aac,35.93212573927141,17.890022952101738,-2.9280457478797284,1024,64.0,0.0002551452138827329,0.016255401648833687,265,97280,96000,58835,aac,16000,137.69249996403232,18.793799972627312,9.649500017985702,78.44666666666667,ba4e9c6e538d43a1d198bca38745e5bca52d930cdd9e610c59dc45e9cfe35861,AAC-128,0.011608417040696404,0.6645836298084957,0.9997974678320698,True,True,True
libri_6313-66125-0015,public_speech,speech,1.1,opus,48000,0,64000,opus_48000_64000,.ogg,17.91087738099144,9.484406625885883,17.91087738099144,0,0.0,0.016177531789487522,0.11260543105537553,265,96000,96000,48777,opus,48000,48.945399990770966,32.4216999579221,12.85450003342703,65.036,4af3ccec3e3c3d4220622f6264a42278b5cfea1bf69646b297e3b5000dd1872b,Opus-64,0.08774760087775094,2.0807932519873797,0.9974865152894999,False,False,False
libri_6313-66125-0015,public_speech,speech,1.1,wav,16000,16,0,wav_16000_16,.wav,120.0,120.0,120.0,0,0.0,0.0,0.0,265,96000,96000,192044,pcm_s16le,16000,5.742100009229034,23.467799997888505,7.927300001028925,256.0586666666667,c389f4cee49d141e0aef0426150e2dd7ab7548f71c9f237da7fbe47af1a27b7e,PCM-16,4.985057192080763e-08,1.444273259961749e-06,0.9999999999999999,True,True,True
libri_6319-275224-0001,public_speech,speech,1.1,mp3,16000,0,32000,mp3_16000_32000,.mp3,20.925524310629733,5.676501562183561,20.925524310629733,0,0.0,0.00808067367687328,0.27061374019948736,262,96000,96000,24560,mp3float,16000,39.97839998919517,21.516799984965473,8.98879999294877,32.74666666666667,7ecf7122f005c302eb83300925548db9aa83771f5a5ffe4ff51f8ee3e1b064b7,Global-only,0.07405873056240926,2.5313506452781143,0.9936657713292882,True,False,False
libri_6319-275224-0001,public_speech,speech,1.1,aac,16000,0,64000,aac_16000_64000,.aac,38.06675281533285,18.670995059005023,-3.0421169602624802,1024,64.0,0.0001560719003639574,0.013580022643698477,262,97280,96000,52480,aac,16000,107.50480002025142,19.0874999971129,9.708800003863871,69.97333333333333,ef8264dd8daaac8ab25921d3414cf95f8732ed9baabce35439efd43001f8424d,Tail-constrained,0.008972138481684681,0.5276877083334817,0.9997032348810633,True,True,True
libri_6319-275224-0001,public_speech,speech,1.1,mp3,16000,0,128000,mp3_16000_128000,.mp3,25.169328908269062,10.011969124597545,25.169328908269062,0,0.0,0.0030413549534692354,0.09972478014742192,262,96000,96000,97964,mp3float,16000,34.732499974779785,19.90369998384267,10.336500010453165,130.61866666666666,74301ff102f12019a35e1dd0cd22c309d11032b3faf1b64e0cdd9d1b70154404,MP3-128,0.054928978990899456,1.5398515565569992,0.9999899590611693,True,False,False
libri_6319-275224-0001,public_speech,speech,1.1,aac,16000,0,128000,aac_16000_128000,.aac,41.17300009387493,19.87222320513363,-3.0419042578161903,1024,64.0,7.633083102098917e-05,0.010298587885102942,262,97280,96000,53986,aac,16000,162.64329996192828,15.448999998625368,11.653799971099943,71.98133333333334,6b00ba71470aa2c6bb7441c9765aba2b54278e7462c6442ab7a8d25aae6eb1a5,AAC-128,0.00639588548215853,0.42687835426462534,0.9998193386621592,True,True,True
libri_6319-275224-0001,public_speech,speech,1.1,opus,48000,0,64000,opus_48000_64000,.ogg,22.51809981426694,8.863514979662131,22.51809981426694,0,0.0,0.005600025680274166,0.1299117706339937,262,96000,96000,48777,opus,48000,57.09250003565103,31.203199992887676,14.977800019551069,65.036,cc9377664cbfa04ce32d48bbeb8ce0d81322855aef7f462423e91b72a0dddd76,Opus-64,0.05162941851600449,1.7039076246758904,0.9966309769896715,True,False,False
libri_6319-275224-0001,public_speech,speech,1.1,wav,16000,16,0,wav_16000_16,.wav,120.0,120.0,120.0,0,0.0,0.0,0.0,262,96000,96000,192044,pcm_s16le,16000,6.960400030948222,23.119999968912452,14.60870000300929,256.0586666666667,93acd0d8a6698ee112ae0ff3bd74c6eefb903669675a2c9503c28e25725f70b2,PCM-16,4.954731097671278e-08,1.256974728594281e-06,1.0,True,True,True
libri_6345-64257-0000,public_speech,speech,1.1,mp3,16000,0,32000,mp3_16000_32000,.mp3,20.401689800658694,6.26122828509402,20.401689800658694,0,0.0,0.009116560531905548,0.23652506553697403,288,96000,96000,24560,mp3float,16000,49.21720002312213,29.058400017675012,11.261799954809248,32.74666666666667,fbf1395cd7a4ace3e956ea201260de75d30bcf8a2589ab3fc98bfa146dd6843c,Global-only,0.07840768670419389,1.8836159199963145,0.9953279523609537,True,False,False
libri_6345-64257-0000,public_speech,speech,1.1,opus,48000,0,128000,opus_48000_128000,.ogg,30.727096237167682,18.098062012751495,30.727096237167682,0,0.0,0.0008458442011881173,0.01549507914057503,288,96000,96000,97238,opus,48000,71.44430000334978,53.48009994486347,23.532800027169287,129.65066666666667,9a61777ad7dcf4f87ea7a897cf7029cd9f514c26ac3e118a0ce841e1aa6e4e7e,Tail-constrained,0.021196308398174466,0.6077262932597816,0.9995340998099514,True,True,True
libri_6345-64257-0000,public_speech,speech,1.1,mp3,16000,0,128000,mp3_16000_128000,.mp3,25.098092704310304,13.80113631224753,25.098092704310304,0,0.0,0.003091652898899678,0.04167603257131547,288,96000,96000,97964,mp3float,16000,35.57950002141297,28.133399959187955,8.092200034298003,130.61866666666666,9485901c95ac55e5497ec5acdae99b42baf49f6a504047dbd754db08ccb5b053,MP3-128,0.055449522980771625,0.8865561840578836,0.9999888288209262,True,False,False
libri_6345-64257-0000,public_speech,speech,1.1,aac,16000,0,128000,aac_16000_128000,.aac,38.78890146395618,14.280708777608602,-3.0835958376186063,1024,64.0,0.00013216298945859108,0.037318924756573044,288,97280,96000,54538,aac,16000,190.6726000015624,25.51930001936853,9.915900009218603,72.71733333333333,991462ff5b0588988c025a8e9983535fe3ebf913d59f42fbe666464aa2ff42da,AAC-128,0.008426156687536752,0.32691678717788974,0.9997376068524755,True,False,False
libri_6345-64257-0000,public_speech,speech,1.1,opus,48000,0,64000,opus_48000_64000,.ogg,22.6623278448432,11.081162848905251,22.6623278448432,0,0.0,0.005417104524723215,0.0779621334396662,288,96000,96000,48777,opus,48000,55.53949996829033,38.095899973995984,15.351100009866059,65.036,a49b970c639bf1bc38e649fdab171bf4653c3fe4062e19a8f3831b2a76f169cf,Opus-64,0.05046308954157847,1.3170317237694902,0.9970244757255341,True,False,False
libri_6345-64257-0000,public_speech,speech,1.1,wav,16000,16,0,wav_16000_16,.wav,120.0,120.0,120.0,0,0.0,0.0,0.0,288,96000,96000,192044,pcm_s16le,16000,5.829900037497282,33.14009995665401,8.265600015874952,256.0586666666667,0ea5b100a95c06410728bed7a728adfcb570b05806108b89d5bada478e32d8f0,PCM-16,4.9934199670199814e-08,6.716219464024859e-07,0.9999999999999999,True,True,True
libri_7850-111771-0000,public_speech,speech,1.1,opus,48000,0,64000,opus_48000_64000,.ogg,22.87912821184814,9.339253409079717,22.87912821184814,0,0.0,0.005153320802301568,0.11643261702525629,253,96000,96000,48777,opus,48000,52.27500002365559,38.34509995067492,16.655799990985543,65.036,b2a46c3741c0cfe5773f0fc09e8e4e345a3607fa10e62150cad4668a6326e339,Global-only,0.04910885320219002,1.7102661869675433,0.9979143470512247,True,False,False
libri_7850-111771-0000,public_speech,speech,1.1,aac,16000,0,64000,aac_16000_64000,.aac,30.25532097252292,18.53774715176145,-2.985963089480462,1024,64.0,0.0009429049219362347,0.014003135293083318,253,97280,96000,52973,aac,16000,121.009900001809,20.977700012736022,8.892199955880642,70.63066666666667,2df20fb33fc06184368256c12fc5075c95e31cb0c18c52dd1f63fa01ad8c4f48,Tail-constrained,0.022363475029332898,0.6807877992252509,0.9995670543272728,True,True,True
libri_7850-111771-0000,public_speech,speech,1.1,mp3,16000,0,128000,mp3_16000_128000,.mp3,25.22871695566007,8.784051603806487,25.22871695566007,0,0.0,0.0030000486980966295,0.13231066115820056,253,96000,96000,97964,mp3float,16000,32.73130004527047,19.802700029686093,9.697699977550656,130.61866666666666,413504577e9080601bebd724f678c8b4824f01df5ffffcc0dce0d8e15e63b84f,MP3-128,0.05476443327570743,1.3842388141901538,0.9999945652772662,True,False,False
libri_7850-111771-0000,public_speech,speech,1.1,aac,16000,0,128000,aac_16000_128000,.aac,37.762396043432226,20.398689680340937,-2.997594806168177,1024,64.0,0.00016740190491812334,0.009122860457140324,253,97280,96000,56123,aac,16000,155.64690000610426,24.12950003053993,12.659200001507998,74.83066666666667,857582a4d3ac08a1d8056fe7722ec02fa05f5c9f6e0018dd4fee22ff983a8cc4,AAC-128,0.009465967522183948,0.44435881639894514,0.999896391473722,True,True,True
libri_7850-111771-0000,public_speech,speech,1.1,opus,48000,0,64000,opus_48000_64000,.ogg,22.87912821184814,9.339253409079717,22.87912821184814,0,0.0,0.005153320802301568,0.11643261702525629,253,96000,96000,48777,opus,48000,52.27500002365559,38.34509995067492,16.655799990985543,65.036,b2a46c3741c0cfe5773f0fc09e8e4e345a3607fa10e62150cad4668a6326e339,Opus-64,0.04910885320219002,1.7102661869675433,0.9979143470512247,True,False,False
libri_7850-111771-0000,public_speech,speech,1.1,wav,16000,16,0,wav_16000_16,.wav,120.0,120.0,120.0,0,0.0,0.0,0.0,253,96000,96000,192044,pcm_s16le,16000,6.765800004359335,25.873999984469265,9.633499954361469,256.0586666666667,68cdf5bb61c4ddeed5b6ce51311491e411dee25db8b9f7248adb4eebf92856be,PCM-16,5.083317728924433e-08,1.1984236928621974e-06,1.0,True,True,True
libri_7976-105575-0000,public_speech,speech,1.1,mp3,16000,0,32000,mp3_16000_32000,.mp3,20.5568216696688,5.804943620618523,20.5568216696688,0,0.0,0.008796660540172063,0.2627275633099239,243,96000,96000,24560,mp3float,16000,28.75050000147894,26.669399987440556,13.288899965118617,32.74666666666667,b5873a49641d54beb3c81754380fae19e7ed44c38af1753d70297425571ae49e,Global-only,0.07488430589793962,2.3725641993335813,0.9945411833305106,True,False,False
libri_7976-105575-0000,public_speech,speech,1.1,aac,16000,0,64000,aac_16000_64000,.aac,37.21568878893017,18.595917160846632,-3.04986083163619,1024,64.0,0.000189858970282083,0.013816825857098779,243,97280,96000,49889,aac,16000,154.1537999873981,21.330000017769635,8.980699989479035,66.51866666666666,d636122a9ea3488049384fd4a89f09bc7012cd8ebce3ddeea18d41fb954d7486,Tail-constrained,0.010470569716006115,0.519626151706222,0.9997414671764484,True,True,True
libri_7976-105575-0000,public_speech,speech,1.1,mp3,16000,0,128000,mp3_16000_128000,.mp3,25.718146185876968,14.466767554480768,25.718146185876968,0,0.0,0.0026803121892856894,0.03575388546272734,243,96000,96000,97964,mp3float,16000,34.3836999963969,26.654899993445724,9.753699996508658,130.61866666666666,792ca5db54fd724298e7723674e7f498dcf99aa771e48d818c73627a04547541,MP3-128,0.051707532212885134,0.9900219577271951,0.999984769464183,True,False,False
libri_7976-105575-0000,public_speech,speech,1.1,aac,16000,0,128000,aac_16000_128000,.aac,42.27458167179237,20.017268701724365,-3.0532606617065183,1024,64.0,5.9230013662737236e-05,0.009960316293596333,243,97280,96000,52469,aac,16000,171.37619998538867,23.435599985532463,9.848599962424487,69.95866666666667,a79dcb612a5b40f41e7016a8b2bff2e8625b40faf81d05b3ec6b39532a9e79f2,AAC-128,0.005751312745075506,0.39717793778815114,0.9998249885291977,True,True,True
libri_7976-105575-0000,public_speech,speech,1.1,opus,48000,0,64000,opus_48000_64000,.ogg,23.090071240399155,10.306591721826914,23.090071240399155,0,0.0,0.004908998235091401,0.09318388818136579,243,96000,96000,48777,opus,48000,55.63730001449585,41.921299998648465,17.21200003521517,65.036,c5c8de33b50ff3df59fbfa723637c633ff17031d128af23b6c4a8e547b8560ef,Opus-64,0.04702041564668764,1.6558357516863522,0.9970530582017605,True,False,False
libri_7976-105575-0000,public_speech,speech,1.1,wav,16000,16,0,wav_16000_16,.wav,120.0,120.0,120.0,0,0.0,0.0,0.0,243,96000,96000,192044,pcm_s16le,16000,5.457899998873472,20.947799959685653,8.401300001423806,256.0586666666667,f681a696253fc2ee0b2e3106b224028276ccfafc55c16c39897cf60965ca34ef,PCM-16,5.1882850920042126e-08,1.404384111611524e-06,1.0,True,True,True
libri_8297-275154-0000,public_speech,speech,1.1,opus,48000,0,64000,opus_48000_64000,.ogg,20.44052507217641,7.659764970032907,20.44052507217641,0,0.0,0.00903540226993673,0.17140500653597698,255,96000,96000,48777,opus,48000,54.34269999386743,33.01620000274852,19.617000012658536,65.036,6b97b9ff72b5aadc65b87a86d4e947ed2a1e573d472c06d2794ec6bfa8139824,Global-only,0.06831299932412824,2.0380128314956876,0.9962803614070106,True,False,False
libri_8297-275154-0000,public_speech,speech,1.1,aac,16000,0,128000,aac_16000_128000,.aac,37.06002461774033,17.594701788328766,-3.053915303856966,1024,64.0,0.00019678751348848532,0.017399221670403458,255,97280,96000,57026,aac,16000,150.43769998010248,21.272200043313205,11.117300018668175,76.03466666666667,329ba9c98cd93124d181ff37cf16f5af28995cebd48485c1ecdd32c14a15660d,Tail-constrained,0.01039947200172768,0.6056218179577093,0.9997897985056652,True,True,True
libri_8297-275154-0000,public_speech,speech,1.1,mp3,16000,0,128000,mp3_16000_128000,.mp3,24.873439517424906,13.914937199878036,24.873439517424906,0,0.0,0.0032557874761293564,0.040598153380865906,255,96000,96000,97964,mp3float,16000,42.756900016684085,20.05220000864938,9.127199999056756,130.61866666666666,3b55d99096cb13b868cbacc7390b259a30dfb04a277c85acd08868870e6ddd78,MP3-128,0.05672900290107545,1.5818818868462279,0.9999907399954678,True,False,False
libri_8297-275154-0000,public_speech,speech,1.1,aac,16000,0,128000,aac_16000_128000,.aac,37.06002461774033,17.594701788328766,-3.053915303856966,1024,64.0,0.00019678751348848532,0.017399221670403458,255,97280,96000,57026,aac,16000,150.43769998010248,21.272200043313205,11.117300018668175,76.03466666666667,329ba9c98cd93124d181ff37cf16f5af28995cebd48485c1ecdd32c14a15660d,AAC-128,0.01039947200172768,0.6056218179577093,0.9997897985056652,True,True,True
libri_8297-275154-0000,public_speech,speech,1.1,opus,48000,0,64000,opus_48000_64000,.ogg,20.44052507217641,7.659764970032907,20.44052507217641,0,0.0,0.00903540226993673,0.17140500653597698,255,96000,96000,48777,opus,48000,54.34269999386743,33.01620000274852,19.617000012658536,65.036,6b97b9ff72b5aadc65b87a86d4e947ed2a1e573d472c06d2794ec6bfa8139824,Opus-64,0.06831299932412824,2.0380128314956876,0.9962803614070106,True,False,False
libri_8297-275154-0000,public_speech,speech,1.1,wav,16000,16,0,wav_16000_16,.wav,120.0,120.0,120.0,0,0.0,0.0,0.0,255,96000,96000,192044,pcm_s16le,16000,7.214900047983974,29.80550000211224,11.335299990605563,256.0586666666667,596bae462dd6f6f8e03ab1d37d00082265ea0a6386538d2f4a97fc735acc7004,PCM-16,4.9042952547346585e-08,1.6219393026064586e-06,1.0,True,True,True
libri_8842-302196-0000,public_speech,speech,1.1,aac,16000,0,64000,aac_16000_64000,.aac,25.87392667696615,15.333721666875874,-3.1143327299651085,1024,64.0,0.002585873838013383,0.029283827054211942,297,97280,96000,56470,aac,16000,107.73409996181726,24.074000015389174,10.190199944190681,75.29333333333334,0c84d542fd43a930d1f8f52bc5dbff5bea941c6e9b9f9c23bd23d7529b6850bc,Global-only,0.037366307210371666,1.3025080409044367,0.998978400037332,True,True,True
libri_8842-302196-0000,public_speech,speech,1.1,aac,16000,0,64000,aac_16000_64000,.aac,25.87392667696615,15.333721666875874,-3.1143327299651085,1024,64.0,0.002585873838013383,0.029283827054211942,297,97280,96000,56470,aac,16000,107.73409996181726,24.074000015389174,10.190199944190681,75.29333333333334,0c84d542fd43a930d1f8f52bc5dbff5bea941c6e9b9f9c23bd23d7529b6850bc,Tail-constrained,0.037366307210371666,1.3025080409044367,0.998978400037332,True,True,True
libri_8842-302196-0000,public_speech,speech,1.1,mp3,16000,0,128000,mp3_16000_128000,.mp3,20.634240529107014,10.895407209411363,20.634240529107014,0,0.0,0.008641237608000658,0.08136905627820826,297,96000,96000,97964,mp3float,16000,31.050799996592104,16.89470000565052,9.393200045451522,130.61866666666666,58bb61254bbca5799e403860b5559208095809a06665e65bb9022cf203405480,MP3-128,0.09287986426088443,2.6048505363049914,0.9999739803254788,True,False,False
libri_8842-302196-0000,public_speech,speech,1.1,aac,16000,0,128000,aac_16000_128000,.aac,23.738221528038352,14.591511047648062,-3.1269811207079465,1024,64.0,0.004228417360174222,0.0347415263671118,297,97280,96000,60820,aac,16000,130.1992000080645,16.12300000851974,8.415199990849942,81.09333333333333,0c0e9742b9808168f1648d1d1c6ab16137cfeffd34fb9de2c6498bdac8a5a5d0,AAC-128,0.03649742198135907,0.8857763898707377,0.9997389499836875,True,False,False
libri_8842-302196-0000,public_speech,speech,1.1,opus,48000,0,64000,opus_48000_64000,.ogg,16.762594738311712,6.713827729741903,16.762594738311712,0,0.0,0.02107368704017048,0.2131165745256304,297,96000,96000,48777,opus,48000,59.54970000311732,30.526000016834587,12.399900006130338,65.036,b072255f56da512462d1c527379bdc3ef5eb4e0da1659dec481755b56716b308,Opus-64,0.10927690810453274,2.4452845676879917,0.9974557903717929,False,False,False
libri_8842-302196-0000,public_speech,speech,1.1,wav,16000,16,0,wav_16000_16,.wav,120.0,120.0,120.0,0,0.0,0.0,0.0,297,96000,96000,192044,pcm_s16le,16000,5.527600005734712,31.335500010754913,9.330199973192066,256.0586666666667,09fdf7d9405ce2f69354ea6d20c1ed4076357b03e69932614030b5e2e347b5a5,PCM-16,5.134418290629082e-08,1.3968303269194077e-06,1.0,True,True,True
musdb_00,public_music,music,1.1,mp3,44100,0,96000,mp3_44100_96000,.mp3,22.1174360132447,17.0365819436831,22.1174360132447,0,0.0,0.006141244648189912,0.0197852619993567,340,299880,299880,82486,mp3float,44100,57.73180001415312,28.154500003438443,37.829199980478734,97.04235294117646,9e1ba1752a66a75c0c3d82d1a8b6d4a8709ca7642daa4d86d2ff1a1a43b8216a,Global-only,0.06592586659715745,2.0475095569858484,,True,True,True
musdb_00,public_music,music,1.1,mp3,44100,0,96000,mp3_44100_96000,.mp3,22.1174360132447,17.0365819436831,22.1174360132447,0,0.0,0.006141244648189912,0.0197852619993567,340,299880,299880,82486,mp3float,44100,57.73180001415312,28.154500003438443,37.829199980478734,97.04235294117646,9e1ba1752a66a75c0c3d82d1a8b6d4a8709ca7642daa4d86d2ff1a1a43b8216a,Tail-constrained,0.06592586659715745,2.0475095569858484,,True,True,True
musdb_00,public_music,music,1.1,mp3,44100,0,128000,mp3_44100_128000,.mp3,24.3192013357719,20.70434735944028,24.3192013357719,0,0.0,0.0036989619715343826,0.008502864612712527,340,299880,299880,109966,mp3float,44100,66.92820001626387,25.369999988470227,34.86369998427108,129.37176470588236,048a8f5041b8ddcd067bd23988704fb8e5837017561cb34fbbcb229854398e8d,MP3-128,0.055912021038152133,1.257664134442499,,True,True,True
musdb_00,public_music,music,1.1,aac,44100,0,128000,aac_44100_128000,.aac,24.751626703835534,17.496369502847422,-2.602708399994744,1024,23.219954648526077,0.003348399971933271,0.01779766589321119,340,301056,299880,110482,aac,44100,122.95009999070317,21.624299988616258,38.216000015381724,129.97882352941178,08de17b8c58f66d51479bce6e8a72e951991ec312bf88af09029e656d361d619,AAC-128,0.04036445803286083,1.6164901570613925,,True,True,True
musdb_00,public_music,music,1.1,opus,48000,0,64000,opus_48000_64000,.ogg,17.763542109615308,12.84964902239037,17.763542109615308,0,0.0,0.01673577348081735,0.05188419677498572,340,299880,299880,55217,opus,48000,58.544800034724176,29.18190002674237,43.41879999265075,64.96117647058824,d17f53406574913da2e5b0611804a9eae44389c270f04c226f0b230a4aa45cfe,Opus-64,0.08773274592986662,3.2299581776764716,,False,False,False
musdb_00,public_music,music,1.1,wav,44100,16,0,wav_44100_16,.wav,78.52421066072608,72.79521771031352,78.52421066072608,0,0.0,1.4046849647987757e-08,5.2538567704863856e-08,340,299880,299880,599804,pcm_s16le,44100,8.727799984626472,35.8721999800764,34.34379998361692,705.6517647058823,bc22ecb13f9178ba607f760975d3bdf27acc3eb0cfabde7eda80b70a969e21ea,PCM-16,0.00013289821025878036,0.005252583442245625,,True,True,True
musdb_01,public_music,music,1.1,mp3,44100,0,96000,mp3_44100_96000,.mp3,20.88522296563371,16.580112409682428,20.88522296563371,0,0.0,0.008156009133235996,0.021978029856855708,340,299880,299880,82486,mp3float,44100,61.05210003443062,20.772700023371726,35.50920000998303,97.04235294117646,cd7be9c9a7f9b6b3194f0826c86c3a8003f58dcb1c2284a815fd55bb79848233,Global-only,0.07371294887023425,2.293676854715525,,True,True,True
musdb_01,public_music,music,1.1,mp3,44100,0,96000,mp3_44100_96000,.mp3,20.88522296563371,16.580112409682428,20.88522296563371,0,0.0,0.008156009133235996,0.021978029856855708,340,299880,299880,82486,mp3float,44100,61.05210003443062,20.772700023371726,35.50920000998303,97.04235294117646,cd7be9c9a7f9b6b3194f0826c86c3a8003f58dcb1c2284a815fd55bb79848233,Tail-constrained,0.07371294887023425,2.293676854715525,,True,True,True
musdb_01,public_music,music,1.1,mp3,44100,0,128000,mp3_44100_128000,.mp3,23.60650272687763,20.308695103709766,23.60650272687763,0,0.0,0.004358627225815766,0.009313876814089293,340,299880,299880,109966,mp3float,44100,63.35959996795282,31.468700035475194,35.461399995256215,129.37176470588236,172f6570862e3fef7c090b765385abb1933c7cf4c7455fd1cca47827413cdb77,MP3-128,0.05911807433375464,1.4255770853274319,,True,True,True
musdb_01,public_music,music,1.1,aac,44100,0,128000,aac_44100_128000,.aac,25.199541164634425,18.176927882877372,-3.2078949201603906,1024,23.219954648526077,0.003020270797413123,0.01521623516852054,340,301056,299880,112415,aac,44100,132.3120000306517,29.831199964974076,41.34459997294471,132.25294117647059,c37520fed60da470b79b38341700282758ea25d10b432194e3fa7a14512a17c9,AAC-128,0.040132051739815135,1.582892481708084,,True,True,True
musdb_01,public_music,music,1.1,opus,48000,0,64000,opus_48000_64000,.ogg,16.47988101163099,12.415443419032059,16.47988101163099,0,0.0,0.022491162264679936,0.0573397319114412,340,299880,299880,55217,opus,48000,64.77659998927265,37.175600009504706,41.115699976217,64.96117647058824,36a5c3f28f4020ad3bd50d2f6f171b15425db4dca2ed08398537fba7564ecbd7,Opus-64,0.10194923413293379,3.2914475387479754,,False,False,False
musdb_01,public_music,music,1.1,wav,44100,16,0,wav_44100_16,.wav,75.42014078429395,69.33976880458442,75.42014078429395,0,0.0,2.8706875220657383e-08,1.1641880029736637e-07,340,299880,299880,599804,pcm_s16le,44100,8.73389997286722,31.753999995999038,35.5880000279285,705.6517647058823,cf7b9c1263a2fca0f6b59316b02398f06fa63e417e873fab0a0e1d9cc58a89cb,PCM-16,0.0001912060521863687,0.01197679635103961,,True,True,True
musdb_02,public_music,music,1.1,mp3,44100,0,96000,mp3_44100_96000,.mp3,22.515494264315215,18.829582504967746,22.515494264315215,0,0.0,0.005603386423987039,0.013093077830424188,340,299880,299880,82486,mp3float,44100,58.086899982299656,16.691799974069,32.71780000068247,97.04235294117646,ffa24610aaa136534b1eb23599755fd3aea1fdd0ae8e49a4e22ca8e20e9942f3,Global-only,0.06418915744749698,1.954693538433807,,True,True,True
musdb_02,public_music,music,1.1,mp3,44100,0,96000,mp3_44100_96000,.mp3,22.515494264315215,18.829582504967746,22.515494264315215,0,0.0,0.005603386423987039,0.013093077830424188,340,299880,299880,82486,mp3float,44100,58.086899982299656,16.691799974069,32.71780000068247,97.04235294117646,ffa24610aaa136534b1eb23599755fd3aea1fdd0ae8e49a4e22ca8e20e9942f3,Tail-constrained,0.06418915744749698,1.954693538433807,,True,True,True
musdb_02,public_music,music,1.1,mp3,44100,0,128000,mp3_44100_128000,.mp3,24.591705041774908,22.05777186632373,24.591705041774908,0,0.0,0.0034739974539531714,0.006226196362150326,340,299880,299880,109966,mp3float,44100,58.1501999986358,16.46220003021881,34.83939997386187,129.37176470588236,3ec1336edb12967b1248cd67cd920916e38b1fbd51ed1fa583d3d70c49432194,MP3-128,0.05490464641763747,1.2083521834181232,,True,True,True
musdb_02,public_music,music,1.1,aac,44100,0,128000,aac_44100_128000,.aac,26.108580471136168,18.9131706665415,-2.694370812643924,1024,23.219954648526077,0.0024498638700664968,0.012843486493682214,340,301056,299880,111867,aac,44100,128.8098999648355,26.290000008884817,47.007499961182475,131.60823529411766,9875b2fd4652e651af2cba6074eeee7e846b873f76aab10c78679f1fb5d58c62,AAC-128,0.03442273171260896,1.3876716590518707,,True,True,True
musdb_02,public_music,music,1.1,opus,48000,0,64000,opus_48000_64000,.ogg,18.07017398237537,14.180362652038223,18.07017398237537,0,0.0,0.015594900269665932,0.038191237840505814,340,299880,299880,55217,opus,48000,55.10390002746135,35.35989997908473,48.335100000258535,64.96117647058824,d81dcb6ff55c310c69cc42ae0f212fb9feec29647e91b2943bcb774ff7f04a7d,Opus-64,0.08453136953522261,2.727498602844763,,False,False,False
musdb_02,public_music,music,1.1,wav,44100,16,0,wav_44100_16,.wav,77.50074293438502,71.15372406860186,77.50074293438502,0,0.0,1.7779752311973204e-08,7.667037600886318e-08,340,299880,299880,599804,pcm_s16le,44100,8.055900048930198,33.412499993573874,35.258400021120906,705.6517647058823,4db6e716bc8791e44a4dc67ac574968a0b70f9840bb2e7c8d6876581334ba2f1,PCM-16,0.0001500044827699472,0.005826325870151931,,True,True,True
musdb_03,public_music,music,1.1,mp3,8000,0,32000,mp3_8000_32000,.mp3,20.07870666891202,9.386338094667074,20.07870666891202,0,0.0,0.009820403515743958,0.11517711356148422,340,299880,299880,28268,mp3float,8000,30.157400004100055,20.74099995661527,47.5210000295192,33.256470588235295,1ce8726ccf3591c6ccf0be37cae133832da608fedd9cf1183ab9e1e372505dd9,Global-only,0.09594647522284636,4.847560177995218,,True,False,False
musdb_03,public_music,music,1.1,mp3,44100,0,96000,mp3_44100_96000,.mp3,25.043032950336475,19.18950400643575,25.043032950336475,0,0.0,0.0031310983185678536,0.012051735714556438,340,299880,299880,82486,mp3float,44100,71.32069999352098,21.802400005981326,40.03870004089549,97.04235294117646,9abc76a4667582b7ea866053d865faa8e1709f290c6879406ccd552951cae7bb,Tail-constrained,0.053096840474430335,1.1956053358503207,,True,True,True
musdb_03,public_music,music,1.1,mp3,44100,0,128000,mp3_44100_128000,.mp3,25.674562971216695,22.887158223703462,25.674562971216695,0,0.0,0.002707345629311455,0.0051438012260863015,340,299880,299880,109966,mp3float,44100,67.80009996145964,26.03170002112165,42.79330000281334,129.37176470588236,19dde219c55575d15ae93c5f515cf342dc8bd89592d753a1263a3278de8c7763,MP3-128,0.05104015630194373,0.7470474480886231,,True,True,True
musdb_03,public_music,music,1.1,aac,44100,0,128000,aac_44100_128000,.aac,33.02525126293338,23.291277759076806,-2.605498435938368,1024,23.219954648526077,0.000498281626839551,0.0046867547055161034,340,301056,299880,115928,aac,44100,179.55599998822436,38.031900010537356,53.390099958050996,136.38588235294117,4dfdb8d9ca58eb14722fe3fe8af06e83e0452668f0604394996910efc5348a60,AAC-128,0.015848268375204276,0.828328654428608,,True,True,True
musdb_03,public_music,music,1.1,opus,48000,0,64000,opus_48000_64000,.ogg,20.478824501160567,13.890291495347826,20.478824501160567,0,0.0,0.008956071454873723,0.04082919811474512,340,299880,299880,55217,opus,48000,54.689800017513335,34.84040003968403,49.77869999129325,64.96117647058824,c8d2f06c7eacabc2d70672e8c1897e150cce9bfd769e480ebb610f3ad4f04d41,Opus-64,0.06432018845268728,1.8689885813019373,,True,False,False
musdb_03,public_music,music,1.1,wav,44100,16,0,wav_44100_16,.wav,78.88151904060474,64.66667552782128,78.88151904060474,0,0.0,1.2937432471065329e-08,3.4145419069445646e-07,340,299880,299880,599804,pcm_s16le,44100,8.437000040430576,39.888600003905594,47.51689999829978,705.6517647058823,b6ae7af0089d3f0461938162115c6301cec75f5c047f1d3ad1a662936f7e9e29,PCM-16,0.00012712212036281904,0.0044145478312252375,,True,True,True
musdb_04,public_music,music,1.1,mp3,16000,0,64000,mp3_16000_64000,.mp3,21.349088394765403,14.813430045337245,21.349088394765403,0,0.0,0.007329783727169602,0.033010871913447766,340,299880,299880,55340,mp3float,16000,34.30349996779114,15.55690000532195,46.199899981729686,65.10588235294118,342eaf13bfb343f05d25eedda729ed26e363896e220c3fa037779306256b701d,Global-only,0.08247027696091853,3.459627156473934,,True,False,False
musdb_04,public_music,music,1.1,mp3,44100,0,96000,mp3_44100_96000,.mp3,23.667624274174848,20.025214125576415,23.667624274174848,0,0.0,0.004297714608229348,0.009942110539280544,340,299880,299880,82486,mp3float,44100,57.67760000890121,17.363400023896247,40.111999958753586,97.04235294117646,6e43dacd72d7eb4247544a56a9e59189bbd8abb09d0ef1ddde54dc338f9e0495,Tail-constrained,0.058530649108420804,1.3801753631366462,,True,True,True
musdb_04,public_music,music,1.1,mp3,44100,0,128000,mp3_44100_128000,.mp3,25.081212661300025,23.046300385944857,25.081212661300025,0,0.0,0.0031036928366819125,0.004958724285981492,340,299880,299880,109966,mp3float,44100,61.91459996625781,19.784500007517636,34.282099979463965,129.37176470588236,3715e70e51a79faef4ab97affc23e2db3a03365075ff2c863b7f83df7f1a3090,MP3-128,0.05312931707574781,0.8603776866695878,,True,True,True
musdb_04,public_music,music,1.1,aac,44100,0,128000,aac_44100_128000,.aac,30.016577609503557,21.512248563629463,-2.843293077422736,1024,23.219954648526077,0.000996190140349484,0.007059519523604537,340,301056,299880,110982,aac,44100,127.55959999049082,24.512399977538735,40.45689996564761,130.5670588235294,42fdbb8a03cc2227b41a273a68debbc65c2c676f13be623fe2e959e056dd5163,AAC-128,0.023168198472409675,1.0427726430987605,,True,True,True
musdb_04,public_music,music,1.1,opus,48000,0,64000,opus_48000_64000,.ogg,19.46707360836453,14.725655871976016,19.46707360836453,0,0.0,0.011305574577302802,0.03368483410287131,340,299880,299880,55217,opus,48000,58.15490003442392,27.97420002752915,48.961799999233335,64.96117647058824,33fe1a4a591a555f6e1b89bd5c4bbdb03f4311a0d11611b3a25d7b50460530fc,Opus-64,0.0719176868724251,1.922871939205862,,False,False,False
musdb_04,public_music,music,1.1,wav,44100,16,0,wav_44100_16,.wav,77.4465257823527,70.05191989676784,77.4465257823527,0,0.0,1.8003105303608434e-08,9.881161790333267e-08,340,299880,299880,599804,pcm_s16le,44100,10.159999947063625,30.246299982536584,39.645700016990304,705.6517647058823,8c20bb3c63b52cdde0df5f6dd3097347d47b1dfb27ffccd0675c0c3cd7c34645,PCM-16,0.00015192896403354536,0.007406026685906376,,True,True,True
musdb_05,public_music,music,1.1,mp3,44100,0,96000,mp3_44100_96000,.mp3,22.67050479318184,17.659019450209563,22.67050479318184,0,0.0,0.0054069147314129715,0.017143443283636747,340,299880,299880,82486,mp3float,44100,64.73789998563007,17.833199992310256,36.371199996210635,97.04235294117646,17c2a0addb9677100571e6da5e984f9ff414c3198b4d7433b86250e447f22d80,Global-only,0.06304443518995752,1.897841453937156,,True,True,True
musdb_05,public_music,music,1.1,mp3,44100,0,96000,mp3_44100_96000,.mp3,22.67050479318184,17.659019450209563,22.67050479318184,0,0.0,0.0054069147314129715,0.017143443283636747,340,299880,299880,82486,mp3float,44100,64.73789998563007,17.833199992310256,36.371199996210635,97.04235294117646,17c2a0addb9677100571e6da5e984f9ff414c3198b4d7433b86250e447f22d80,Tail-constrained,0.06304443518995752,1.897841453937156,,True,True,True
musdb_05,public_music,music,1.1,mp3,44100,0,128000,mp3_44100_128000,.mp3,24.677228036989753,21.261886387745726,24.677228036989753,0,0.0,0.003406255307329908,0.007478445985451933,340,299880,299880,109966,mp3float,44100,60.04609999945387,18.97199999075383,36.70190001139417,129.37176470588236,2bf91d3914e7062e17db0e8e783cae5119b769659be5afcaf7d4ab35f4d15948,MP3-128,0.054462411557193884,1.1528989751752021,,True,True,True
musdb_05,public_music,music,1.1,aac,44100,0,128000,aac_44100_128000,.aac,27.34486663454481,20.110224931845693,-2.971191696889947,1024,23.219954648526077,0.0018429490823604498,0.009749391419020424,340,301056,299880,110690,aac,44100,117.60349996620789,25.783399993088096,40.799900016281754,130.2235294117647,76a1078227dd9d49dc9e1b69a206517ea73ae8613cc9ec6cb3e081383609aba2,AAC-128,0.031432034502026175,1.4197499564727587,,True,True,True
musdb_05,public_music,music,1.1,opus,48000,0,64000,opus_48000_64000,.ogg,18.077266948361395,12.664076746640635,18.077266948361395,0,0.0,0.015569451220095967,0.05414923498505627,340,299880,299880,55217,opus,48000,60.45809999341145,29.112599964719266,43.361300020478666,64.96117647058824,e8ca239d5829861abbba99467431d466ba25fd2d62a99d5366b1fa8be81285d3,Opus-64,0.08495849978373389,3.2891869224221555,,False,False,False
musdb_05,public_music,music,1.1,wav,44100,16,0,wav_44100_16,.wav,76.31184708183483,68.73418352188365,76.31184708183483,0,0.0,2.3378427279248985e-08,1.3383868096072937e-07,340,299880,299880,599804,pcm_s16le,44100,9.170499979518354,28.63469999283552,34.5687999506481,705.6517647058823,de016ca2b5a206a3a4a7bd9aef264a9ec9373b2374d389ab07d70103bde98239,PCM-16,0.00017196426527558498,0.009373360984777581,,True,True,True
musdb_06,public_music,music,1.1,mp3,44100,0,96000,mp3_44100_96000,.mp3,22.646830508687966,18.58589515260485,22.646830508687966,0,0.0,0.005436469415640175,0.013848747109704814,340,299880,299880,82486,mp3float,44100,58.22000000625849,21.50690002599731,37.68960002344102,97.04235294117646,5b03875ab5d753f13eb4c8ba12b20cb7d0b69be7b81c6111824e09877271b8bc,Global-only,0.06375864200848849,1.7041254246770925,,True,True,True
musdb_06,public_music,music,1.1,mp3,44100,0,96000,mp3_44100_96000,.mp3,22.646830508687966,18.58589515260485,22.646830508687966,0,0.0,0.005436469415640175,0.013848747109704814,340,299880,299880,82486,mp3float,44100,58.22000000625849,21.50690002599731,37.68960002344102,97.04235294117646,5b03875ab5d753f13eb4c8ba12b20cb7d0b69be7b81c6111824e09877271b8bc,Tail-constrained,0.06375864200848849,1.7041254246770925,,True,True,True
musdb_06,public_music,music,1.1,mp3,44100,0,128000,mp3_44100_128000,.mp3,24.626696795286236,22.032920925934675,24.626696795286236,0,0.0,0.0034461193984746514,0.006261925658982638,340,299880,299880,109966,mp3float,44100,58.31779999425635,19.24170000711456,34.39450002042577,129.37176470588236,eeb044c7dadea2dffe336ce436fed21ec4a3d27fc06ba3f0fc9a430f5d2fc57b,MP3-128,0.055078946396013004,1.0471580005371153,,True,True,True
musdb_06,public_music,music,1.1,aac,44100,0,128000,aac_44100_128000,.aac,28.46428941033171,19.860195835193323,-3.384916700685033,1024,23.219954648526077,0.0014242002542573828,0.010327148367907971,340,301056,299880,110741,aac,44100,118.64280002191663,24.004300008527935,37.8027000115253,130.2835294117647,c953a0816b9743de2baf976c1e1ccb80ca8bbc4817aaad59b519b117063dc33c,AAC-128,0.027612129494888626,1.1730612665453848,,True,True,True
musdb_06,public_music,music,1.1,opus,48000,0,64000,opus_48000_64000,.ogg,18.504044888832443,13.37126120938278,18.504044888832443,0,0.0,0.014112225618897687,0.04601229325487086,340,299880,299880,55217,opus,48000,57.295699953101575,27.214900008402765,40.488599974196404,64.96117647058824,b0181c46626d58011f34e6fd09b72fd35458e6c3169149ea592a5b216bd215bb,Opus-64,0.08043749614724643,2.5476813374468184,,False,False,False
musdb_06,public_music,music,1.1,wav,44100,16,0,wav_44100_16,.wav,76.52720199721759,66.58861070509238,76.52720199721759,0,0.0,2.2247427505833793e-08,2.1935065192260247e-07,340,299880,299880,599804,pcm_s16le,44100,9.44080000044778,31.484600040130317,40.87730002356693,705.6517647058823,7d043766891595a2fa6f1811c4fd9e10498738b241300bf149e61f53a68be779,PCM-16,0.0001687535933714952,0.0061771978352356165,,True,True,True
musdb_07,public_music,music,1.1,mp3,44100,0,96000,mp3_44100_96000,.mp3,22.999266411036963,18.079535128613472,22.999266411036963,0,0.0,0.005012718988699115,0.0155613219200236,340,299880,299880,82486,mp3float,44100,114.05149998608977,33.49919995525852,35.51379998680204,97.04235294117646,7165dfeee53e048b6493e4d6ea6555afb191e2559926f97e9f8a7fa340236e76,Global-only,0.06138025306127552,1.7868711635558372,,True,True,True
musdb_07,public_music,music,1.1,mp3,44100,0,96000,mp3_44100_96000,.mp3,22.999266411036963,18.079535128613472,22.999266411036963,0,0.0,0.005012718988699115,0.0155613219200236,340,299880,299880,82486,mp3float,44100,114.05149998608977,33.49919995525852,35.51379998680204,97.04235294117646,7165dfeee53e048b6493e4d6ea6555afb191e2559926f97e9f8a7fa340236e76,Tail-constrained,0.06138025306127552,1.7868711635558372,,True,True,True
musdb_07,public_music,music,1.1,mp3,44100,0,128000,mp3_44100_128000,.mp3,24.796102087952086,21.66626657428935,24.796102087952086,0,0.0,0.0033142845415507303,0.006813548357591201,340,299880,299880,109966,mp3float,44100,63.36060003377497,32.26629999699071,33.6886000004597,129.37176470588236,5b0aa3826dc38b4cf75128d55ef749c12a3c4b13d76a7dfa42fc725aca451f17,MP3-128,0.0541583372411858,1.1053269618606905,,True,True,True
musdb_07,public_music,music,1.1,aac,44100,0,128000,aac_44100_128000,.aac,26.448174236377714,19.36906766217415,-2.7651230045238306,1024,23.219954648526077,0.0022655965587955146,0.011563604615288029,340,301056,299880,110697,aac,44100,134.71499999286607,32.92149998014793,42.540599999483675,130.23176470588234,4c162fc0117d7741ce98b10b1b7fa4f0bbd92a88fa6f01c1d13246c7fbb1c7d5,AAC-128,0.033428850585007844,1.2857751982191623,,True,True,True
musdb_07,public_music,music,1.1,opus,48000,0,64000,opus_48000_64000,.ogg,18.560461108913707,13.495598946587359,18.560461108913707,0,0.0,0.013930088934173227,0.04471364818046476,340,299880,299880,55217,opus,48000,59.99880004674196,33.69730000849813,43.91230002511293,64.96117647058824,5e5f7aa56402d5a0d9e9bf734053d3900cf64c6df6dd8e9acdc3962b8adc856d,Opus-64,0.08009411036589117,2.481897018370497,,False,False,False
musdb_07,public_music,music,1.1,wav,44100,16,0,wav_44100_16,.wav,77.69437463420668,73.76563983947912,77.69437463420668,0,0.0,1.7004447929144038e-08,4.201806185431247e-08,340,299880,299880,599804,pcm_s16le,44100,8.315499988384545,32.51409996300936,33.815500035416335,705.6517647058823,de9b72646d3a966f131e3230dfd99eaa1fb631744ad04245ef9fe88ffe991a19,PCM-16,0.00014653075131277856,0.010114807439277515,,True,True,True
musdb_08,public_music,music,1.1,mp3,32000,0,64000,mp3_32000_64000,.mp3,20.150664654162004,15.400664986550103,20.150664654162004,0,0.0,0.009659030436768516,0.028835899374567205,340,299880,299880,55052,mp3float,32000,59.176200011279434,23.383199993986636,50.30750000150874,64.76705882352941,884a6936ceb10c80162e8fdc66e85b106f8bbb4fc993112e4bde0764acd6c0bc,Global-only,0.07916900785573555,1.7279055141077468,,True,True,True
musdb_08,public_music,music,1.1,mp3,32000,0,64000,mp3_32000_64000,.mp3,20.150664654162004,15.400664986550103,20.150664654162004,0,0.0,0.009659030436768516,0.028835899374567205,340,299880,299880,55052,mp3float,32000,59.176200011279434,23.383199993986636,50.30750000150874,64.76705882352941,884a6936ceb10c80162e8fdc66e85b106f8bbb4fc993112e4bde0764acd6c0bc,Tail-constrained,0.07916900785573555,1.7279055141077468,,True,True,True
musdb_08,public_music,music,1.1,mp3,44100,0,128000,mp3_44100_128000,.mp3,25.17305493655867,23.36443000452078,25.17305493655867,0,0.0,0.0030387467428565533,0.004608472492218973,340,299880,299880,109966,mp3float,44100,68.2327999966219,22.468200011644512,36.85810003662482,129.37176470588236,a3c67e532f6bcf1f0eecab1fadb4c5491ea61bfb6674a3bfb2bcf0415c41021e,MP3-128,0.052717848053267215,0.6964155502836079,,True,True,True
musdb_08,public_music,music,1.1,aac,44100,0,128000,aac_44100_128000,.aac,28.17476348867301,18.672993101168448,-3.372330092571589,1024,23.219954648526077,0.0015223820376390259,0.013573776371107819,340,301056,299880,110595,aac,44100,131.9188000052236,28.084399993531406,43.06269995868206,130.11176470588234,5b6025aebf06cf7f6b4a8519625554b1ce770238283e477ba24aca75d9a3518a,AAC-128,0.02719622857755128,0.902229182509487,,True,True,True
musdb_08,public_music,music,1.1,opus,48000,0,64000,opus_48000_64000,.ogg,19.17342125850529,15.537806125759175,19.17342125850529,0,0.0,0.012096448315001613,0.027939548740593016,340,299880,299880,55217,opus,48000,60.00009999843314,50.150000024586916,49.850700015667826,64.96117647058824,29313f3ac394370adc4ea6f9d27c9e04acf501d09f4cc1e120dd6357440f6924,Opus-64,0.07365501560578727,1.6231995595800468,,False,True,False
musdb_08,public_music,music,1.1,wav,44100,16,0,wav_44100_16,.wav,78.21143254243296,73.27435885237468,78.21143254243296,0,0.0,1.5095821286889908e-08,4.705048610888324e-08,340,299880,299880,599804,pcm_s16le,44100,7.993700040969998,29.95649998774752,32.95769996475428,705.6517647058823,53ef3f9eb16c1d05178b91f78a36cdca46a5e7c53824551822e30b8fa079b9ef,PCM-16,0.00013838784546653176,0.004563259291713233,,True,True,True
musdb_09,public_music,music,1.1,mp3,44100,0,96000,mp3_44100_96000,.mp3,22.699134138580742,18.545851583779157,22.699134138580742,0,0.0,0.005371388761258894,0.013977028207157214,340,299880,299880,82486,mp3float,44100,60.466599999926984,21.977199998218566,35.098700027447194,97.04235294117646,4b7aa3c8fc50dcdc67cfa7379e3bca269c5532c00bdd5e96f32278bb2bf2cba1,Global-only,0.063094260977414,1.8688786524232952,,True,True,True
musdb_09,public_music,music,1.1,mp3,44100,0,96000,mp3_44100_96000,.mp3,22.699134138580742,18.545851583779157,22.699134138580742,0,0.0,0.005371388761258894,0.013977028207157214,340,299880,299880,82486,mp3float,44100,60.466599999926984,21.977199998218566,35.098700027447194,97.04235294117646,4b7aa3c8fc50dcdc67cfa7379e3bca269c5532c00bdd5e96f32278bb2bf2cba1,Tail-constrained,0.063094260977414,1.8688786524232952,,True,True,True
musdb_09,public_music,music,1.1,mp3,44100,0,128000,mp3_44100_128000,.mp3,24.605457461597457,21.905414239172462,24.605457461597457,0,0.0,0.003463014052274789,0.006448498098092759,340,299880,299880,109966,mp3float,44100,60.89810002595186,18.727000046055764,34.58090004278347,129.37176470588236,4e58ddae559efad367acd56248b41bcb6d1778c805d4eb40bf9f6eb76338f9e0,MP3-128,0.054888331980291284,1.1709141173291875,,True,True,True
musdb_09,public_music,music,1.1,aac,44100,0,128000,aac_44100_128000,.aac,28.101371648554164,20.993609190088453,-2.608744864215905,1024,23.219954648526077,0.001548327527589394,0.007954979796460296,340,301056,299880,111160,aac,44100,201.72870001988485,26.13999997265637,36.920699989423156,130.7764705882353,769f9efde92e60b29e9c14e22fd00e1c3a7f4e95f15d239b097364f776244b9c,AAC-128,0.02884181715319799,1.3720942781890433,,True,True,True
musdb_09,public_music,music,1.1,opus,48000,0,64000,opus_48000_64000,.ogg,17.145996790580732,12.715136719667719,17.145996790580732,0,0.0,0.019293024728043152,0.053516330610129954,340,299880,299880,55217,opus,48000,55.242299975361675,36.18679998908192,41.04620002908632,64.96117647058824,d1902196f0502880fd1e6109a3e1ea60f3ace6a1c573a47c90614823e314f90a,Opus-64,0.11088153708634782,2.660931928416121,,False,False,False
musdb_09,public_music,music,1.1,wav,44100,16,0,wav_44100_16,.wav,77.9004541415201,72.5329569619206,77.9004541415201,0,0.0,1.6216405136259e-08,5.5809008098597775e-08,340,299880,299880,599804,pcm_s16le,44100,9.387199999764562,41.65629995986819,38.983399979770184,705.6517647058823,69f117ad7ae4a9b9e93b4dd8054d32b3ee78ef65fc122e0a557a024f5fe9c0dc,PCM-16,0.0001470967852851579,0.003983119739239836,,True,True,True
musdb_10,public_music,music,1.1,mp3,44100,0,32000,mp3_44100_32000,.mp3,21.073280176144383,15.87468028135979,21.073280176144383,0,0.0,0.007810376730081255,0.025854251662246495,340,299880,299880,27602,mp3float,44100,64.52790001640096,29.72369996132329,34.18980003334582,32.472941176470584,a258772b8dcad35b955f2a99a81202629fdb6260e099479c915074cd7e066f2f,Global-only,0.07235331401119635,1.4727214238016617,,True,True,True
musdb_10,public_music,music,1.1,mp3,44100,0,32000,mp3_44100_32000,.mp3,21.073280176144383,15.87468028135979,21.073280176144383,0,0.0,0.007810376730081255,0.025854251662246495,340,299880,299880,27602,mp3float,44100,64.52790001640096,29.72369996132329,34.18980003334582,32.472941176470584,a258772b8dcad35b955f2a99a81202629fdb6260e099479c915074cd7e066f2f,Tail-constrained,0.07235331401119635,1.4727214238016617,,True,True,True
musdb_10,public_music,music,1.1,mp3,44100,0,128000,mp3_44100_128000,.mp3,25.82415584405283,24.8899150163914,25.82415584405283,0,0.0,0.0026156788189195318,0.0032434596415363295,340,299880,299880,109966,mp3float,44100,61.673799995332956,25.03350004553795,35.396500024944544,129.37176470588236,f5e6ddefacd96d5ff2d0c5f89a60aca4ff9f3a85ac2f0873075460b06c40ab8c,MP3-128,0.050767976265864725,0.3231098677874377,,True,True,True
musdb_10,public_music,music,1.1,aac,44100,0,128000,aac_44100_128000,.aac,38.557219524080544,27.779045874867304,-2.629840222828466,1024,23.219954648526077,0.00013940490268567887,0.0016676135393842658,340,301056,299880,110263,aac,44100,143.76330003142357,30.54619999602437,36.6741000325419,129.72117647058823,a417eceb8d1aac2abd2116d364261e3583181b05efe641805ec30656f8435989,AAC-128,0.008608492602125236,0.25204410558385115,,True,True,True
musdb_10,public_music,music,1.1,opus,48000,0,64000,opus_48000_64000,.ogg,21.001088149317304,17.475490498377656,21.001088149317304,0,0.0,0.007941292362364379,0.017883435396332883,340,299880,299880,55217,opus,48000,57.415999996010214,46.8379000085406,41.01769998669624,64.96117647058824,0ede3483d82c4db236744173726d87da2aa3ccfa3cd00fce4f93ac9a44c4596c,Opus-64,0.05605663762551256,0.8541886151849584,,True,True,True
musdb_10,public_music,music,1.1,wav,44100,16,0,wav_44100_16,.wav,75.19077531661783,64.76350439070747,75.19077531661783,0,0.0,3.026373101914545e-08,3.339254815447399e-07,340,299880,299880,599804,pcm_s16le,44100,8.77430004766211,28.932100045494735,36.0480000381358,705.6517647058823,73845d1fc0b2a75b69dece5642b71f755f0bdb611eb8ff7c204d2c4f706d4513,PCM-16,0.00019541649233082125,0.003940707535725508,,True,True,True
musdb_11,public_music,music,1.1,mp3,44100,0,96000,mp3_44100_96000,.mp3,22.862359571410728,18.037097927047242,22.862359571410728,0,0.0,0.0051732568664195925,0.015714125138296592,340,299880,299880,82486,mp3float,44100,59.46300004143268,21.324100031051785,37.50359994592145,97.04235294117646,0530fada1bdbe8a4c890eee0184ba2f34fb78baa83f28c7fd4055617af0dacf5,Global-only,0.06219880255020711,1.663909868701936,,True,True,True
musdb_11,public_music,music,1.1,mp3,44100,0,96000,mp3_44100_96000,.mp3,22.862359571410728,18.037097927047242,22.862359571410728,0,0.0,0.0051732568664195925,0.015714125138296592,340,299880,299880,82486,mp3float,44100,59.46300004143268,21.324100031051785,37.50359994592145,97.04235294117646,0530fada1bdbe8a4c890eee0184ba2f34fb78baa83f28c7fd4055617af0dacf5,Tail-constrained,0.06219880255020711,1.663909868701936,,True,True,True
musdb_11,public_music,music,1.1,mp3,44100,0,128000,mp3_44100_128000,.mp3,25.00137085156843,22.228429260257904,25.00137085156843,0,0.0,0.0031612796439906806,0.00598628065430708,340,299880,299880,109966,mp3float,44100,60.77689997619018,19.463400007225573,31.935099977999926,129.37176470588236,2a6aa0941d1850709de04c0b3a61816cfd09f22ea55544c8f0ac87b86155726e,MP3-128,0.05319918825046507,0.9841959123626561,,True,True,True
musdb_11,public_music,music,1.1,aac,44100,0,128000,aac_44100_128000,.aac,26.887101478681924,16.956402152398823,-3.244653013411469,1024,23.219954648526077,0.0020478109085786487,0.02015393180767297,340,301056,299880,111942,aac,44100,133.54330003494397,28.933599998708814,36.66189999785274,131.69647058823531,c6c55226d20f4a5cb50fde4f6ff760452e0442986cd2cdeeecc9f304ae0fbf4c,AAC-128,0.032191164018530255,1.1878929889678693,,True,True,True
musdb_11,public_music,music,1.1,opus,48000,0,64000,opus_48000_64000,.ogg,16.071074145625516,10.522135823999285,16.071074145625516,0,0.0,0.024711128861849844,0.08867198233845748,340,299880,299880,55217,opus,48000,61.51780002983287,33.12579996418208,40.98599997814745,64.96117647058824,d272289e6acca57112101e6f74567083069bc4b395fa2786d0cc653a54c32c1e,Opus-64,0.12903891267274645,2.4380505110867565,,False,False,False
musdb_11,public_music,music,1.1,wav,44100,16,0,wav_44100_16,.wav,77.01552865219284,64.57824658809898,77.01552865219284,0,0.0,1.988140785917501e-08,3.484779804446484e-07,340,299880,299880,599804,pcm_s16le,44100,9.258400008548051,34.563800028990954,42.6109999534674,705.6517647058823,6bbd063eb0ea34fc7c40b430e4fec12405ec5d2010715d2b6adb926d0eef8a27,PCM-16,0.00015761691882321238,0.012739997307958271,,True,True,True
musdb_12,public_music,music,1.1,mp3,44100,0,64000,mp3_44100_64000,.mp3,20.588868022368054,13.648488812678487,20.588868022368054,0,0.0,0.00873198935833373,0.04316692559465151,340,299880,299880,55004,mp3float,44100,70.10829995851964,17.277300008572638,34.00089999195188,64.71058823529413,3351f5b3819eb7b29ff513c59c14d3ca8bdb82cd34f74b23e3027fcf7db32d57,Global-only,0.07537229470285425,2.333421111355615,,True,False,False
musdb_12,public_music,music,1.1,mp3,44100,0,96000,mp3_44100_96000,.mp3,24.22589297680869,19.99375377003021,24.22589297680869,0,0.0,0.003779294211620373,0.010014392823756943,340,299880,299880,82486,mp3float,44100,65.98139996640384,25.86569997947663,37.19000000273809,97.04235294117646,dd380c6177d6a892443438b90ae4c1f334d70d77bb896e3416f9c4fe3f32e9af,Tail-constrained,0.05627822573348922,1.3423945522955922,,True,True,True
musdb_12,public_music,music,1.1,mp3,44100,0,128000,mp3_44100_128000,.mp3,25.450009402040212,23.08386005109728,25.450009402040212,0,0.0,0.0028510120953418178,0.004916024005066598,340,299880,299880,109966,mp3float,44100,67.65500002074987,21.976999996695668,33.18530000979081,129.37176470588236,0462181efca1537591c6b56bade511445f23da59efd83465ee576c5c79a20a0c,MP3-128,0.0518201076526023,0.8027253456042083,,True,True,True
musdb_12,public_music,music,1.1,aac,44100,0,128000,aac_44100_128000,.aac,29.951756610022965,21.6388514188532,-3.128097572114754,1024,23.219954648526077,0.0010111703789975278,0.006856695418985702,340,301056,299880,112823,aac,44100,139.71069996478036,31.21440001996234,37.71379997488111,132.7329411764706,a1d368f417f5159c5093d7a4103b93bdab1d06f609520f2d188fead5bac9d6a7,AAC-128,0.023509538693299414,1.0202267913290295,,True,True,True
musdb_12,public_music,music,1.1,opus,48000,0,64000,opus_48000_64000,.ogg,20.373376596733284,14.825094176182558,20.373376596733284,0,0.0,0.00917618879443402,0.03292233140920866,340,299880,299880,55217,opus,48000,66.68049999279901,38.205299992114305,42.37650003051385,64.96117647058824,f549e08773bd58605c033c622a5ff09d391ad46b3f05c6fa0fa25ca9bf4f7504,Opus-64,0.06493336760023181,2.0441187871469113,,True,False,False
musdb_12,public_music,music,1.1,wav,44100,16,0,wav_44100_16,.wav,78.989795032682,70.36330041285362,78.989795032682,0,0.0,1.2618870885384121e-08,9.197503435319505e-08,340,299880,299880,599804,pcm_s16le,44100,7.9660999472253025,40.95880000386387,35.846600017976016,705.6517647058823,106d128f5986d890ce32b6be74db36e1a7aeed10ebb4a5c72298479650c8871a,PCM-16,0.00012654638169989782,0.005575353271054889,,True,True,True
musdb_13,public_music,music,1.1,mp3,44100,0,96000,mp3_44100_96000,.mp3,22.212738430377964,17.929409859412086,22.212738430377964,0,0.0,0.006007947887337944,0.016108645124572583,340,299880,299880,82486,mp3float,44100,65.6089999829419,27.447799977380782,43.124300020281225,97.04235294117646,5c1820fca860c87397d357a3eee36f8eb6a19aa9985fc2e269d131efad0a52fc,Global-only,0.06571500974657177,1.3570124305098612,,True,True,True
musdb_13,public_music,music,1.1,mp3,44100,0,96000,mp3_44100_96000,.mp3,22.212738430377964,17.929409859412086,22.212738430377964,0,0.0,0.006007947887337944,0.016108645124572583,340,299880,299880,82486,mp3float,44100,65.6089999829419,27.447799977380782,43.124300020281225,97.04235294117646,5c1820fca860c87397d357a3eee36f8eb6a19aa9985fc2e269d131efad0a52fc,Tail-constrained,0.06571500974657177,1.3570124305098612,,True,True,True
musdb_13,public_music,music,1.1,mp3,44100,0,128000,mp3_44100_128000,.mp3,24.62711273582082,21.839648503764497,24.62711273582082,0,0.0,0.003445789366165571,0.006546891591896534,340,299880,299880,109966,mp3float,44100,66.13029999425635,23.307600000407547,34.54100003000349,129.37176470588236,12ce61a3193f25c410474b43193fdc0cbf7acf48b8fe191a7967bc05319994dd,MP3-128,0.05480595783647891,0.803882592610879,,True,True,True
musdb_13,public_music,music,1.1,aac,44100,0,128000,aac_44100_128000,.aac,26.93145746873117,19.740325791629264,-3.233912293587302,1024,23.219954648526077,0.0020270023543657576,0.010616159157189567,340,301056,299880,110810,aac,44100,125.38869999116287,23.184899997431785,40.53130000829697,130.36470588235295,41a9d828137db7e22d19e9953d37469262114cea21a4d9baaad4e888528ff664,AAC-128,0.033557155943427286,1.0458114968664136,,True,True,True
musdb_13,public_music,music,1.1,opus,48000,0,64000,opus_48000_64000,.ogg,16.97994581781614,13.304349857867368,16.97994581781614,0,0.0,0.02004497035131536,0.04672668961450198,340,299880,299880,55217,opus,48000,57.80240002786741,31.948799965903163,45.930700027383864,64.96117647058824,bec432872e74a49d6341a997a02f66e5d21a4f7d0da751ebddb6fe30537587af,Opus-64,0.09582528860644458,2.0489336691231372,,False,False,False
musdb_13,public_music,music,1.1,wav,44100,16,0,wav_44100_16,.wav,77.50434720210544,72.96307893520553,77.50434720210544,0,0.0,1.7765002780100974e-08,5.0546618417428345e-08,340,299880,299880,599804,pcm_s16le,44100,8.120900020003319,37.70220000296831,36.34240000974387,705.6517647058823,1cbd9bd017134da053f8c9e6a3fe1620b795b2856f1035e93c4d8dfcb6680b49,PCM-16,0.00015042421682782823,0.005271896940035578,,True,True,True
musdb_14,public_music,music,1.1,mp3,44100,0,96000,mp3_44100_96000,.mp3,20.77817841041627,15.75556614886099,20.77817841041627,0,0.0,0.008359535741511982,0.026573171175396322,340,299880,299880,82486,mp3float,44100,31.799400050658733,14.80420003645122,20.110899989958853,97.04235294117646,6d623eaa4a14b01df292b5d344fbdf30333fc6de37070a06446c1473fe31e6ec,Global-only,0.07429737488395256,2.270236790923165,,True,True,True
musdb_14,public_music,music,1.1,mp3,44100,0,96000,mp3_44100_96000,.mp3,20.77817841041627,15.75556614886099,20.77817841041627,0,0.0,0.008359535741511982,0.026573171175396322,340,299880,299880,82486,mp3float,44100,31.799400050658733,14.80420003645122,20.110899989958853,97.04235294117646,6d623eaa4a14b01df292b5d344fbdf30333fc6de37070a06446c1473fe31e6ec,Tail-constrained,0.07429737488395256,2.270236790923165,,True,True,True
musdb_14,public_music,music,1.1,mp3,44100,0,128000,mp3_44100_128000,.mp3,23.53388628332908,19.580225498985754,23.53388628332908,0,0.0,0.004432118583806542,0.011014821157342649,340,299880,299880,109966,mp3float,44100,29.431400005705655,13.112699962221086,22.137099993415177,129.37176470588236,000d0484435ff1cd2709e444466c3b61b759df31923c6af7c05a493257df3196,MP3-128,0.05915123786719839,1.4141616524676373,,True,True,True
musdb_14,public_music,music,1.1,aac,44100,0,128000,aac_44100_128000,.aac,24.35625387131893,16.755727489080062,-3.0194868995005586,1024,23.219954648526077,0.0036675379200166443,0.02110703601070507,340,301056,299880,113759,aac,44100,63.263599993661046,16.345500014722347,21.69229998253286,133.83411764705883,7fa1d36b14dee3b30be0ea5dd6262b35a7714045a50efc017c3015dfb45200d5,AAC-128,0.04290511019070302,1.6584659140960056,,True,True,True
musdb_14,public_music,music,1.1,opus,48000,0,64000,opus_48000_64000,.ogg,16.673154970643278,11.732957855397366,16.673154970643278,0,0.0,0.02151218395328223,0.06709717176427457,340,299880,299880,55217,opus,48000,33.41329999966547,17.043500032741576,26.234299992211163,64.96117647058824,4db813a161b65b7831d771ed5467bccac76036ac46594656f161df982a854c7f,Opus-64,0.09937217788544783,3.5368834198515335,,False,False,False
musdb_14,public_music,music,1.1,wav,44100,16,0,wav_44100_16,.wav,76.66922015620007,70.69798732393511,76.66922015620007,0,0.0,2.153168335129823e-08,8.515325774465958e-08,340,299880,299880,599804,pcm_s16le,44100,5.343400000128895,21.133200032636523,21.007100003771484,705.6517647058823,31bcad5ecb039acd7eab47243f3d53fb13e8456da3a424f276d27eb331355fe1,PCM-16,0.00016513980681295452,0.011657518283810595,,True,True,True
musdb_15,public_music,music,1.1,mp3,44100,0,96000,mp3_44100_96000,.mp3,22.412756725067847,18.745154284129057,22.412756725067847,0,0.0,0.00573752152020456,0.013350101621721186,340,299880,299880,82486,mp3float,44100,29.954500030726194,15.103299985639751,20.42229997459799,97.04235294117646,1807618a8b44c3e06407484e078d853f0154f95263928b12450a80861b3ffb5b,Global-only,0.06436298723158479,2.0251154609715467,,True,True,True
musdb_15,public_music,music,1.1,mp3,44100,0,96000,mp3_44100_96000,.mp3,22.412756725067847,18.745154284129057,22.412756725067847,0,0.0,0.00573752152020456,0.013350101621721186,340,299880,299880,82486,mp3float,44100,29.954500030726194,15.103299985639751,20.42229997459799,97.04235294117646,1807618a8b44c3e06407484e078d853f0154f95263928b12450a80861b3ffb5b,Tail-constrained,0.06436298723158479,2.0251154609715467,,True,True,True
musdb_15,public_music,music,1.1,mp3,44100,0,128000,mp3_44100_128000,.mp3,24.4687087152144,21.84310660412507,24.4687087152144,0,0.0,0.0035737908163217934,0.006541680658312018,340,299880,299880,109966,mp3float,44100,31.282799958717078,15.992700005881488,20.020500000100583,129.37176470588236,297ca09d64b393e3c8526e5c73bdbeb9eb2ebc79150dc4b61f83470e61655d9f,MP3-128,0.055263830229888816,1.2809515248722596,,True,True,True
musdb_15,public_music,music,1.1,aac,44100,0,128000,aac_44100_128000,.aac,27.17227556963391,18.905038250041635,-3.4087562536763008,1024,23.219954648526077,0.0019176636805408914,0.012867559200088054,340,301056,299880,111917,aac,44100,63.49910004064441,16.479099984280765,21.34839998325333,131.6670588235294,d8ebb11743c0328450c46ea92788bf2e943b612d67ad5880e4e63deaf96bc36d,AAC-128,0.032059500455648204,1.5003987771769394,,True,True,True
musdb_15,public_music,music,1.1,opus,48000,0,64000,opus_48000_64000,.ogg,17.007889646082916,13.749640298141255,17.007889646082916,0,0.0,0.019916408958672995,0.042173143164070906,340,299880,299880,55217,opus,48000,29.34179996373132,15.939800010528415,25.191500026267022,64.96117647058824,c2ec56a60691d64bcdc695e432b13a067f3dc2414a66149ae36614cd1c0f8daa,Opus-64,0.09409389430825835,2.6554582566165355,,False,False,False
musdb_15,public_music,music,1.1,wav,44100,16,0,wav_44100_16,.wav,77.6889658265787,73.37140905422537,77.6889658265787,0,0.0,1.7025638869500867e-08,4.601072690651792e-08,340,299880,299880,599804,pcm_s16le,44100,6.036499980837107,25.43169999262318,20.678000000771135,705.6517647058823,806c5c7117f9106170dc0949d961f7cd2ebada50826f95e69748ced6b9a5cb03,PCM-16,0.00014759059130826943,0.006819749042147815,,True,True,True
musdb_16,public_music,music,1.1,mp3,16000,0,64000,mp3_16000_64000,.mp3,21.589856223363384,14.174170995090567,21.589856223363384,0,0.0,0.006934487628084701,0.03824572522095332,340,299880,299880,55340,mp3float,16000,18.018200004007667,10.47360000666231,25.318700005300343,65.10588235294118,d2df49b8518652e77456357ac13f1054c1131549154744a6c10a156ab9f720a2,Global-only,0.07836728426076492,4.402214073830924,,True,False,False
musdb_16,public_music,music,1.1,mp3,44100,0,96000,mp3_44100_96000,.mp3,23.439305407365467,18.79777459185053,23.439305407365467,0,0.0,0.004529700202623884,0.013189324116702438,340,299880,299880,82486,mp3float,44100,31.898200046271086,14.206799969542772,22.35320000909269,97.04235294117646,c853532cebaef4f7e0f5d2f61e4348e359307bafb668b980910401fb5e3314ff,Tail-constrained,0.05971681582418911,1.716708280863365,,True,True,True
musdb_16,public_music,music,1.1,mp3,44100,0,128000,mp3_44100_128000,.mp3,25.089571739954486,22.58609833294486,25.089571739954486,0,0.0,0.00309772475240352,0.005513027600026692,340,299880,299880,109966,mp3float,44100,31.54330002143979,17.16289995238185,21.341699990443885,129.37176470588236,c73834ef7433739cd9de3c72a92cc0a2ff27205b2b98d4640cb88cd39ae11ef0,MP3-128,0.05297135273445746,1.0814085925755008,,True,True,True
musdb_16,public_music,music,1.1,aac,44100,0,128000,aac_44100_128000,.aac,28.07961980201108,20.142178831578704,-3.6759977556200067,1024,23.219954648526077,0.0015561018527461992,0.009677921984114494,340,301056,299880,110566,aac,44100,60.80330000258982,14.676399994641542,23.340199957601726,130.07764705882354,8c926a7d9ad95dcde198a37b3e16e49a752943b745349a607776311938a1864e,AAC-128,0.02858065767783081,1.349925324030077,,True,True,True
musdb_16,public_music,music,1.1,opus,48000,0,64000,opus_48000_64000,.ogg,19.00836421166744,14.550174772664013,19.00836421166744,0,0.0,0.012565031417413053,0.03507377589664221,340,299880,299880,55217,opus,48000,31.68559999903664,19.64630000293255,24.99910001643002,64.96117647058824,1f364dd70009df9f476f1f6bf3ff16cad51859198cf891555c1819d6c231b442,Opus-64,0.07646111561727643,2.2936372754346994,,False,False,False
musdb_16,public_music,music,1.1,wav,44100,16,0,wav_44100_16,.wav,77.70084024948704,55.353041760743196,77.70084024948704,0,0.0,1.6979151172426528e-08,2.9153843889204997e-06,340,299880,299880,599804,pcm_s16le,44100,5.07299997843802,24.961000017356128,22.03739999094978,705.6517647058823,47805df31136f3af9d3957bc960276704642292797771c6186204a4665b024ce,PCM-16,0.0001464718704153786,0.011145288206274265,,True,True,True
musdb_17,public_music,music,1.1,mp3,16000,0,64000,mp3_16000_64000,.mp3,21.623021984651075,16.914755987829125,21.623021984651075,0,0.0,0.006881732728080951,0.02034812520368245,340,299880,299880,55340,mp3float,16000,17.174400039948523,13.970899977721274,24.923900025896728,65.10588235294118,c8731963727411f58994a870c3561ca28902acc12970dd3d712077b0da339577,Global-only,0.07775640737992158,4.246134358955812,,True,True,True
musdb_17,public_music,music,1.1,mp3,16000,0,64000,mp3_16000_64000,.mp3,21.623021984651075,16.914755987829125,21.623021984651075,0,0.0,0.006881732728080951,0.02034812520368245,340,299880,299880,55340,mp3float,16000,17.174400039948523,13.970899977721274,24.923900025896728,65.10588235294118,c8731963727411f58994a870c3561ca28902acc12970dd3d712077b0da339577,Tail-constrained,0.07775640737992158,4.246134358955812,,True,True,True
musdb_17,public_music,music,1.1,mp3,44100,0,128000,mp3_44100_128000,.mp3,24.796448008724038,22.849132610813566,24.796448008724038,0,0.0,0.0033140205653187475,0.00518903665961638,340,299880,299880,109966,mp3float,44100,31.396300008054823,16.11219998449087,20.110899989958853,129.37176470588236,b744e05cd7bfebd43dc6c0705be8f913a19f01ea99ab829baa507c91ef5b0891,MP3-128,0.05414575551997251,1.0992177447673142,,True,True,True
musdb_17,public_music,music,1.1,aac,44100,0,128000,aac_44100_128000,.aac,27.02421980086637,21.17294330230285,-3.2136662967844454,1024,23.219954648526077,0.0019841660752748158,0.007633182918615505,340,301056,299880,111595,aac,44100,62.54170002648607,28.834299999289215,23.785200028214604,131.28823529411764,1ae70c7e8663146c49377b96a5705968b4701cc98d3d4650433bbaaf095322e6,AAC-128,0.031482150913534894,1.3117697567005788,,True,True,True
musdb_17,public_music,music,1.1,opus,48000,0,64000,opus_48000_64000,.ogg,18.43111489876831,15.888390281214239,18.43111489876831,0,0.0,0.01435120969083701,0.025772762511625153,340,299880,299880,55217,opus,48000,31.128200003877282,20.43879998382181,25.195599999278784,64.96117647058824,41c56026e3e0883f16c5ad6268bb92e473b31ff813f09e9733710c372e716896,Opus-64,0.08115974904816846,2.458901367947896,,False,True,False
musdb_17,public_music,music,1.1,wav,44100,16,0,wav_44100_16,.wav,78.58804499834231,75.49472674571734,78.58804499834231,0,0.0,1.384189339560955e-08,2.821807123137084e-08,340,299880,299880,599804,pcm_s16le,44100,5.814499978441745,25.033999991137534,20.719199965242296,705.6517647058823,a0b0d53f475cfcda4daf50f93e57b7331fc2833667a9801e029580991fa85f87,PCM-16,0.00013245055667342708,0.007431077617913074,,True,True,True
musdb_18,public_music,music,1.1,mp3,32000,0,64000,mp3_32000_64000,.mp3,20.49951410630106,13.569069493187806,20.49951410630106,0,0.0,0.008913506578997591,0.04396358004442618,340,299880,299880,55052,mp3float,32000,28.5683999536559,13.077200041152537,26.27489995211363,64.76705882352941,1e6eed7e72531ec0f67819083d0ba4c11360056bbb13d1128deb1aa552eeb03e,Global-only,0.07703508610974104,3.1543872961272696,,True,False,False
musdb_18,public_music,music,1.1,mp3,44100,0,96000,mp3_44100_96000,.mp3,23.6676119051663,18.30694949249206,23.6676119051663,0,0.0,0.0042977268484365476,0.014767434415052053,340,299880,299880,82486,mp3float,44100,35.18919995985925,21.41960000153631,28.204400034155697,97.04235294117646,aba1054271aac8fe2f17f8b8014365f614f89f74216b9336507c203ee748c288,Tail-constrained,0.05834428653310367,1.8705839390051229,,True,True,True
musdb_18,public_music,music,1.1,mp3,44100,0,128000,mp3_44100_128000,.mp3,25.115439854085547,21.820754459128135,25.115439854085547,0,0.0,0.0030793284508732616,0.006575435985419542,340,299880,299880,109966,mp3float,44100,29.469700006302446,23.128199973143637,22.538800025358796,129.37176470588236,25a4d5908c4c300a228bff19566e80f5bc25bbae9d2c4cf3ff0972a33c366d51,MP3-128,0.052923647226017306,1.156390829932424,,True,True,True
musdb_18,public_music,music,1.1,aac,44100,0,128000,aac_44100_128000,.aac,28.283884383490765,17.30069460168778,-2.2747318726708903,1024,23.219954648526077,0.00148460719727145,0.018617893420799878,340,301056,299880,112312,aac,44100,69.30649996502325,22.014299989677966,21.66690002195537,132.13176470588235,4112c112a31b0cb7ade8ea58a9e99ef7c59bf9064b63c216efdbb031c3fe8864,AAC-128,0.030267972978355154,1.3226498440328238,,True,True,True
musdb_18,public_music,music,1.1,opus,48000,0,64000,opus_48000_64000,.ogg,19.412170653627804,14.038608860995689,19.412170653627804,0,0.0,0.01144940543997357,0.03945836755057807,340,299880,299880,55217,opus,48000,31.954200007021427,17.49200001358986,25.521699979435652,64.96117647058824,a852ece3a94198870c14da65aa443ea9eab65b611ee7b27f71475580a0283900,Opus-64,0.0692593517931141,2.8497463016910216,,False,False,False
musdb_18,public_music,music,1.1,wav,44100,16,0,wav_44100_16,.wav,77.6794620847642,69.9102630316748,77.6794620847642,0,0.0,1.7062937167049083e-08,1.0208776520930637e-07,340,299880,299880,599804,pcm_s16le,44100,5.291300010867417,22.787399997469038,19.860300002619624,705.6517647058823,ebd0992f0147d35d40954ac036c0f1822da7c53f7e732b46ad2c36d9f3d0a075,PCM-16,0.00014776723882044124,0.007357470685780793,,True,True,True
musdb_19,public_music,music,1.1,mp3,32000,0,64000,mp3_32000_64000,.mp3,20.328001233037263,14.800808017538905,20.328001233037263,0,0.0,0.009272564793163802,0.033106951930333466,340,299880,299880,55052,mp3float,32000,29.183700040448457,12.115499994251877,25.02259996253997,64.76705882352941,6a56f1903d8585cf3401ead7ff2dc8da2e0f2af78de072faf6caac0a6499a6a3,Global-only,0.07854603240376092,2.2794595133693223,,True,False,False
musdb_19,public_music,music,1.1,mp3,44100,0,96000,mp3_44100_96000,.mp3,23.85081854222114,20.193204736011438,23.85081854222114,0,0.0,0.004120198557959716,0.009564880013549848,340,299880,299880,82486,mp3float,44100,30.114499968476593,15.388200001325458,21.719300013501197,97.04235294117646,b778ae0e340ff27e68c315701506036eae4f340f14ec123852b76d912a11ac00,Tail-constrained,0.057739094683912195,1.3783688390136848,,True,True,True
musdb_19,public_music,music,1.1,mp3,44100,0,128000,mp3_44100_128000,.mp3,25.11279716815953,22.67212770300798,25.11279716815953,0,0.0,0.0030812027952866793,0.005404894605422652,340,299880,299880,109966,mp3float,44100,32.39519998896867,17.692300025373697,23.56629999121651,129.37176470588236,43543fbe63a00af9911d1b3a638db927f7eaf1d0c3618c2286dccc61cae93e57,MP3-128,0.05290613115390255,0.8919180188342136,,True,True,True
musdb_19,public_music,music,1.1,aac,44100,0,128000,aac_44100_128000,.aac,29.577372907472895,20.038290431763137,-2.77681437696891,1024,23.219954648526077,0.0011022058437121745,0.009912220553661939,340,301056,299880,115060,aac,44100,87.04479999141768,13.896299991756678,23.933199991006404,135.36470588235295,03260ea1a9a36464f6812d58ff63547f06a32a662ab2e5ed996c8b5787a20d4e,AAC-128,0.023882531337927313,0.9325184664680422,,True,True,True
musdb_19,public_music,music,1.1,opus,48000,0,64000,opus_48000_64000,.ogg,19.224274653696686,14.23455599906054,19.224274653696686,0,0.0,0.011955631885662843,0.03771763036576529,340,299880,299880,55217,opus,48000,34.05590000329539,15.27680002618581,24.44959996500984,64.96117647058824,3d7bdc1a715ccc09dada78fd69bd114a135994206142707ca3e2962ae54d28b1,Opus-64,0.07536444299552897,2.102694467691141,,False,False,False
musdb_19,public_music,music,1.1,wav,44100,16,0,wav_44100_16,.wav,70.31879405163731,62.00300368134134,70.31879405163731,0,0.0,9.292243778653828e-08,6.305211106221835e-07,340,299880,299880,599804,pcm_s16le,44100,5.7085000444203615,19.798999943304807,20.55000001564622,705.6517647058823,b30563c9387554f39bd4b42ccd35c173cd91e4a3b6f9f85a410d3831296ffb6a,PCM-16,0.00035188181482784134,0.009844428593222003,,True,True,True
musdb_20,public_music,music,1.1,mp3,44100,0,96000,mp3_44100_96000,.mp3,22.36359382460015,19.23522323843098,22.36359382460015,0,0.0,0.005802840287063743,0.011925529640189239,340,299880,299880,82486,mp3float,44100,57.18240002170205,25.964500033296645,45.28359998948872,97.04235294117646,8002ea5f62b2979178e85baf49a7e8e99d95df650ca8238ea31d9f323ad9d838,Global-only,0.06475134183522367,1.8257072671902292,,True,True,True
musdb_20,public_music,music,1.1,mp3,44100,0,96000,mp3_44100_96000,.mp3,22.36359382460015,19.23522323843098,22.36359382460015,0,0.0,0.005802840287063743,0.011925529640189239,340,299880,299880,82486,mp3float,44100,57.18240002170205,25.964500033296645,45.28359998948872,97.04235294117646,8002ea5f62b2979178e85baf49a7e8e99d95df650ca8238ea31d9f323ad9d838,Tail-constrained,0.06475134183522367,1.8257072671902292,,True,True,True
musdb_20,public_music,music,1.1,mp3,44100,0,128000,mp3_44100_128000,.mp3,24.546865043443475,22.49917446802555,24.546865043443475,0,0.0,0.0035100515574608437,0.005624482284296186,340,299880,299880,109966,mp3float,44100,101.48389998357743,22.359499998856336,33.698199957143515,129.37176470588236,37e696bac7ba006e4626a4715eee46e0e20e40daecdcd2b97b0213a2ecad7c59,MP3-128,0.05491478844974618,1.1291873580888245,,True,True,True
musdb_20,public_music,music,1.1,aac,44100,0,128000,aac_44100_128000,.aac,26.48523960372094,18.761462730326524,-3.089396805887338,1024,23.219954648526077,0.002246342840051382,0.01330006388262174,340,301056,299880,110759,aac,44100,136.62820000899956,32.35619998304173,34.77959998417646,130.30470588235295,449045f3349fc5901ace8887666e31f9a9a1f2451a89a563da7b05315068f2bd,AAC-128,0.03428655548793409,1.4076148089949077,,True,True,True
musdb_20,public_music,music,1.1,opus,48000,0,64000,opus_48000_64000,.ogg,17.86179061097522,14.657414669279143,17.86179061097522,0,0.0,0.016361417954935745,0.034218308156659036,340,299880,299880,55217,opus,48000,59.62259997613728,32.492199970874935,45.295100018847734,64.96117647058824,9395da67a43bef5153d58830639f38f3d3486ba92c9c026cba839019696cd3b3,Opus-64,0.08828025522490468,2.587791676125769,,False,False,False
musdb_20,public_music,music,1.1,wav,44100,16,0,wav_44100_16,.wav,76.43775947679094,72.28980796717009,76.43775947679094,0,0.0,2.271036176220394e-08,5.9022717778398064e-08,340,299880,299880,599804,pcm_s16le,44100,7.565800042357296,28.681600000709295,33.68120000232011,705.6517647058823,4db2dea514906aee034eb88a33a7a3ce1a0a38087b614f9fb48f4a777e463b23,PCM-16,0.00017025431150455221,0.0074629081003385125,,True,True,True
musdb_21,public_music,music,1.1,mp3,44100,0,64000,mp3_44100_64000,.mp3,21.02694979155366,17.30519917373027,21.02694979155366,0,0.0,0.007894143574416685,0.01859859265430967,340,299880,299880,55004,mp3float,44100,65.90749998576939,23.642899992410094,39.54520000843331,64.71058823529413,72a7a19449590c347be0815633641dc5660466daa350e88132b2c5aa721eb085,Global-only,0.07225333710981675,2.0603423945514137,,True,True,True
musdb_21,public_music,music,1.1,mp3,44100,0,64000,mp3_44100_64000,.mp3,21.02694979155366,17.30519917373027,21.02694979155366,0,0.0,0.007894143574416685,0.01859859265430967,340,299880,299880,55004,mp3float,44100,65.90749998576939,23.642899992410094,39.54520000843331,64.71058823529413,72a7a19449590c347be0815633641dc5660466daa350e88132b2c5aa721eb085,Tail-constrained,0.07225333710981675,2.0603423945514137,,True,True,True
musdb_21,public_music,music,1.1,mp3,44100,0,128000,mp3_44100_128000,.mp3,25.504028531054953,24.269616772439807,25.504028531054953,0,0.0,0.0028157698013986402,0.0037414360177319343,340,299880,299880,109966,mp3float,44100,72.57329998537898,24.491400050465018,41.55560000799596,129.37176470588236,ab1d0aed63d0475bbfaf48e31cfc80e9e71c0c738c4e08e503ed2b4fc3997f7d,MP3-128,0.05167351527969483,0.7094697119384982,,True,True,True
musdb_21,public_music,music,1.1,aac,44100,0,128000,aac_44100_128000,.aac,33.427006207386455,25.561326028016698,-2.406951465775227,1024,23.219954648526077,0.0004542546474706261,0.0027788646695928593,340,301056,299880,111171,aac,44100,139.27380001405254,23.17060000495985,41.52520000934601,130.78941176470587,71e910f7610708c12371e727ba3bc59f968d86b7489f582fde8bfe3d222b95d6,AAC-128,0.015606304041428053,0.7771714117346233,,True,True,True
musdb_21,public_music,music,1.1,opus,48000,0,64000,opus_48000_64000,.ogg,20.57965268187321,16.538912228984202,20.57965268187321,0,0.0,0.008750537530628844,0.02218752077786924,340,299880,299880,55217,opus,48000,63.13439999939874,28.826800000388175,47.88959998404607,64.96117647058824,c288b957cf0bda5c8e241815837731c15a95a84350fd52fe71c615188748270f,Opus-64,0.06353963048035711,1.8155287436590284,,True,True,True
musdb_21,public_music,music,1.1,wav,44100,16,0,wav_44100_16,.wav,76.13328110213438,67.73134131290622,76.13328110213438,0,0.0,2.4359697437396098e-08,1.6860322160917905e-07,340,299880,299880,599804,pcm_s16le,44100,9.886100015137345,36.85460000997409,47.197300009429455,705.6517647058823,a96b3291e5fe88b509624af2aed7535061269d3a9beb4e20c62bc3234c0d8bf0,PCM-16,0.00017445426531366545,0.008250862692155149,,True,True,True
musdb_22,public_music,music,1.1,mp3,44100,0,96000,mp3_44100_96000,.mp3,21.294529696221257,17.254732503517364,21.294529696221257,0,0.0,0.0074224457212562905,0.018815975965323046,340,299880,299880,82486,mp3float,44100,75.17899997765198,21.98120002867654,39.623300021048635,97.04235294117646,185f8ac8debe4044a0e383c0cd5a7efd6c7628550394cce7eaf883ecea9896ae,Global-only,0.07115091414283717,2.4278759000241643,,True,True,True
musdb_22,public_music,music,1.1,mp3,44100,0,96000,mp3_44100_96000,.mp3,21.294529696221257,17.254732503517364,21.294529696221257,0,0.0,0.0074224457212562905,0.018815975965323046,340,299880,299880,82486,mp3float,44100,75.17899997765198,21.98120002867654,39.623300021048635,97.04235294117646,185f8ac8debe4044a0e383c0cd5a7efd6c7628550394cce7eaf883ecea9896ae,Tail-constrained,0.07115091414283717,2.4278759000241643,,True,True,True
musdb_22,public_music,music,1.1,mp3,44100,0,128000,mp3_44100_128000,.mp3,23.925434259225202,20.94498130859737,23.925434259225202,0,0.0,0.004050014462549862,0.008044552108028655,340,299880,299880,109966,mp3float,44100,73.05110001470894,32.674700021743774,36.45189997041598,129.37176470588236,63c8ffc7ae49a4892b55755ba3b75090139f4f8c615a22fc2006f9709dec01f1,MP3-128,0.057423777986255156,1.4937734887019942,,True,True,True
musdb_22,public_music,music,1.1,aac,44100,0,128000,aac_44100_128000,.aac,25.01058769542041,18.38815821128823,-2.812480361448206,1024,23.219954648526077,0.0031545777111305702,0.014493863899112296,340,301056,299880,111551,aac,44100,138.66860000416636,24.777300015557557,37.394999992102385,131.2364705882353,3cbd579eb4a10745c37b4a194bbaeeea0d22f2da3a78c7c23866a20987a47e14,AAC-128,0.04036726901781141,1.6929507156236576,,True,True,True
musdb_22,public_music,music,1.1,opus,48000,0,64000,opus_48000_64000,.ogg,16.910963306863835,13.239742760537162,16.910963306863835,0,0.0,0.0203659029231928,0.047427007619200635,340,299880,299880,55217,opus,48000,74.64840001193807,40.307699993718415,42.50410001259297,64.96117647058824,54707705c739189e42decabd3269d346efa91e7951b54c85e7b3070f31d0d5bc,Opus-64,0.09698397548134781,3.663906298972432,,False,False,False
musdb_22,public_music,music,1.1,wav,44100,16,0,wav_44100_16,.wav,76.16615997594353,71.8062797387135,76.16615997594353,0,0.0,2.4175975250927793e-08,6.597387999051505e-08,340,299880,299880,599804,pcm_s16le,44100,9.497799968812615,36.38090001186356,41.12179996445775,705.6517647058823,24ef571442c9923533a696700ac5f15be604a93e5e4f585479203964adc76bc0,PCM-16,0.00017489120457334114,0.00792833513508255,,True,True,True
musdb_23,public_music,music,1.1,mp3,16000,0,64000,mp3_16000_64000,.mp3,21.267195979548976,12.798993400731762,21.267195979548976,0,0.0,0.007469308583463481,0.05249291131956391,340,299880,299880,55340,mp3float,16000,38.57489995425567,14.741500024683774,40.937499958090484,65.10588235294118,e1d1e8a37143550bef8dd3e6beeb1bef7ad7d677c6deae76d3f306e4909cc15e,Global-only,0.083513437024464,3.6560957292101968,,True,False,False
musdb_23,public_music,music,1.1,mp3,44100,0,96000,mp3_44100_96000,.mp3,23.64374217363359,20.17316969175291,23.64374217363359,0,0.0,0.004321413085186039,0.009609107031596172,340,299880,299880,82486,mp3float,44100,68.65790003212169,20.83280001534149,40.73489998700097,97.04235294117646,2f2808ec5fd1232100ebe4ae607c336362c3087e0b6065df7bd43a149995659c,Tail-constrained,0.05875197842216176,1.418872554475437,,True,True,True
musdb_23,public_music,music,1.1,mp3,44100,0,128000,mp3_44100_128000,.mp3,25.135925117191178,23.130655868813662,25.135925117191178,0,0.0,0.003064837750084917,0.004863337543255316,340,299880,299880,109966,mp3float,44100,67.53190001472831,22.823199979029596,48.20439999457449,129.37176470588236,17efb676649f344bdfdcc18fc431c1e774d42a1952d893584cdd5e2df7ebb15b,MP3-128,0.052975515188934515,0.8970413253856638,,True,True,True
musdb_23,public_music,music,1.1,aac,44100,0,128000,aac_44100_128000,.aac,30.589920749506796,22.57911272703014,-3.2624856483116007,1024,23.219954648526077,0.0008729872986026597,0.005521902414117985,340,301056,299880,113258,aac,44100,164.0870000119321,36.064599989913404,45.70309998234734,133.24470588235295,979c789f89aa00b2ac2709cc54963f9ad2d28e262db8737e5ec7df5864709b93,AAC-128,0.021556012638025937,0.9671415079646297,,True,True,True
musdb_23,public_music,music,1.1,opus,48000,0,64000,opus_48000_64000,.ogg,19.51147300235067,15.226267683854903,19.51147300235067,0,0.0,0.011190582666176601,0.030017410997682323,340,299880,299880,55217,opus,48000,55.97929999930784,29.48529995046556,54.21169998589903,64.96117647058824,24e26814e31a394addbf4f125e4137b2a91c1c9ffefbaba2ed2158c3fb99de45,Opus-64,0.0719777536732582,2.0558795173987012,,False,True,False
musdb_23,public_music,music,1.1,wav,44100,16,0,wav_44100_16,.wav,79.08874060143988,68.81510263442723,79.08874060143988,0,0.0,1.2334624697425503e-08,1.3136804491054032e-07,340,299880,299880,599804,pcm_s16le,44100,8.868500008247793,35.910499980673194,41.76350001944229,705.6517647058823,8fed54a458120311e8df2b822337a3f7757575c9a097e0fb5ea6e684cb0031d3,PCM-16,0.00012527964256251609,0.005313577199178062,,True,True,True
musdb_24,public_music,music,1.1,mp3,44100,0,64000,mp3_44100_64000,.mp3,21.099740489689133,17.899817705890843,21.099740489689133,0,0.0,0.0077629350223975815,0.0162187817389321,340,299880,299880,55004,mp3float,44100,87.86939998390153,20.716600003652275,47.360299970023334,64.71058823529413,a2345b0d10bfedd0d473c359b6f6222aaa6ecd2d4bb53dc2c88ac7848b3851e2,Global-only,0.07181815510084945,1.843289489373535,,True,True,True
musdb_24,public_music,music,1.1,mp3,44100,0,64000,mp3_44100_64000,.mp3,21.099740489689133,17.899817705890843,21.099740489689133,0,0.0,0.0077629350223975815,0.0162187817389321,340,299880,299880,55004,mp3float,44100,87.86939998390153,20.716600003652275,47.360299970023334,64.71058823529413,a2345b0d10bfedd0d473c359b6f6222aaa6ecd2d4bb53dc2c88ac7848b3851e2,Tail-constrained,0.07181815510084945,1.843289489373535,,True,True,True
musdb_24,public_music,music,1.1,mp3,44100,0,128000,mp3_44100_128000,.mp3,25.687211034535373,24.61076092302388,25.687211034535373,0,0.0,0.0026994724313204803,0.003458787714428149,340,299880,299880,109966,mp3float,44100,75.23090002359822,32.087800034787506,48.12660004245117,129.37176470588236,1b2319942b032f6ecb6dd2ffba18328bc137d09186ab149f8aead1ec90545cbb,MP3-128,0.051121754010164104,0.5532311573290127,,True,True,True
musdb_24,public_music,music,1.1,aac,44100,0,128000,aac_44100_128000,.aac,33.160323650195025,25.360978107586163,-3.2428934853990787,1024,23.219954648526077,0.0004830228042878805,0.002910061647172911,340,301056,299880,111600,aac,44100,161.81779996259138,27.856500004418194,48.25719998916611,131.2941176470588,bdf091e6710c2fb4a3f1f9eaee56897878f0b893c0738f46912b3fc4d8ff29f8,AAC-128,0.015248715217288118,0.6104761603039457,,True,True,True
musdb_24,public_music,music,1.1,opus,48000,0,64000,opus_48000_64000,.ogg,21.321057046631132,18.191380425266782,21.321057046631132,0,0.0,0.00737724650535714,0.01516568242551207,340,299880,299880,55217,opus,48000,60.38179999450222,30.966699996497482,49.947099993005395,64.96117647058824,db5aaeb4a3344ba283eca6e9203cdfd5c0e5ccc05e8855c83e1a7970e542c269,Opus-64,0.0592540004640438,1.8548132847857135,,True,True,True
musdb_24,public_music,music,1.1,wav,44100,16,0,wav_44100_16,.wav,77.60191947461614,74.1584441072842,77.60191947461614,0,0.0,1.737032933303897e-08,3.8384473613217804e-08,340,299880,299880,599804,pcm_s16le,44100,9.773400030098855,43.882899975869805,38.35280000930652,705.6517647058823,d62964f1a0eae0eb3b9f524508111cf285a8affeb415d97e2b42559ee8c5ca9b,PCM-16,0.00014810034439453076,0.009086781864201882,,True,True,True
musdb_25,public_music,music,1.1,mp3,44100,0,64000,mp3_44100_64000,.mp3,20.05251607304011,10.606705184140354,20.05251607304011,0,0.0,0.009879805450308421,0.08696199244084557,340,299880,299880,55004,mp3float,44100,76.53459999710321,30.141199997160584,47.035700001288205,64.71058823529413,ef86e98482417a7cfb3cb34f2feaa4b65b2413b876801c5d04c51fb9cf234c7a,Global-only,0.07806594580948588,1.9545250879250315,,True,False,False
musdb_25,public_music,music,1.1,mp3,44100,0,96000,mp3_44100_96000,.mp3,24.193421442919064,17.606221097875874,24.193421442919064,0,0.0,0.003807657317332055,0.01735313279401341,340,299880,299880,82486,mp3float,44100,71.71920000109822,24.447099945973605,46.03840003255755,97.04235294117646,ab573bc3a1120ae88db383bd8f7e3942a9a6ed53f309000d52f199af155965dd,Tail-constrained,0.05644579985748763,1.0280801591340032,,True,True,True
musdb_25,public_music,music,1.1,mp3,44100,0,128000,mp3_44100_128000,.mp3,25.408238349975388,21.729771788027566,25.408238349975388,0,0.0,0.00287856582473368,0.006714641359275166,340,299880,299880,109966,mp3float,44100,66.48009998025373,22.43620000081137,47.474399965722114,129.37176470588236,7bd3820e77e9714ebf76305bf6acc111ae9f911ba2aa1a423d4db17fc2514f63,MP3-128,0.05194112702838902,0.6234947216626445,,True,True,True
musdb_25,public_music,music,1.1,aac,44100,0,128000,aac_44100_128000,.aac,24.822788306270745,19.354682598460297,-2.315852199134933,1024,23.219954648526077,0.0032939816036216614,0.011601970053578927,340,301056,299880,112666,aac,44100,163.66659995401278,27.975200035143644,75.26670000515878,132.54823529411766,25adf0e61f49eda97ec18f3830110fa09e3fa5da728209cba2dd39a0a863a93d,AAC-128,0.039479833297185636,0.7127656888368278,,True,True,True
musdb_25,public_music,music,1.1,opus,48000,0,64000,opus_48000_64000,.ogg,19.406518868994766,12.923123450370502,19.406518868994766,0,0.0,0.011464315069335632,0.05101379762532917,340,299880,299880,55217,opus,48000,61.71749997884035,48.863900010474026,54.92020002566278,64.96117647058824,0934c8abbd8edb09584ab8943bc7733ac0da57b5ce9d2f6e48507c2e312c3628,Opus-64,0.06980945315255015,1.5768777700181413,,False,False,False
musdb_25,public_music,music,1.1,wav,44100,16,0,wav_44100_16,.wav,77.39008279594817,64.97904743772031,77.39008279594817,0,0.0,1.8238609310432645e-08,3.1775709485588465e-07,340,299880,299880,599804,pcm_s16le,44100,8.946900023147464,41.476599988527596,44.6778999757953,705.6517647058823,d417680836a69bba43464c747bda511666f911fc5f70c8d7d00c942d8175b519,PCM-16,0.00015204370491309145,0.006343104044473612,,True,True,True
musdb_26,public_music,music,1.1,aac,8000,0,128000,aac_8000_128000,.aac,20.889424569547145,15.637433028264475,-3.180265390919981,5645,128.0045351473923,0.008148122376637838,0.027305912685439793,340,310464,299880,38484,aac,8000,44.37859996687621,18.42209999449551,39.71749998163432,45.275294117647064,1dc3bb208348fdb950f2ac2964b4a908d618060d59a35b9b5768eca4ac3091de,Global-only,0.07970857116995496,3.7728222576049597,,True,True,True
musdb_26,public_music,music,1.1,aac,8000,0,128000,aac_8000_128000,.aac,20.889424569547145,15.637433028264475,-3.180265390919981,5645,128.0045351473923,0.008148122376637838,0.027305912685439793,340,310464,299880,38484,aac,8000,44.37859996687621,18.42209999449551,39.71749998163432,45.275294117647064,1dc3bb208348fdb950f2ac2964b4a908d618060d59a35b9b5768eca4ac3091de,Tail-constrained,0.07970857116995496,3.7728222576049597,,True,True,True
musdb_26,public_music,music,1.1,mp3,44100,0,128000,mp3_44100_128000,.mp3,25.514245177261774,24.339048243251042,25.514245177261774,0,0.0,0.0028091535734757183,0.0036820965798098878,340,299880,299880,109966,mp3float,44100,75.4453000263311,22.358100046403706,39.48660002788529,129.37176470588236,5bb6bc61f6daadb6c9c8471f9a373ce4be359fe29ce2234604ca7d88ef7ce7bf,MP3-128,0.051705190050187075,0.6784207688739055,,True,True,True
musdb_26,public_music,music,1.1,aac,44100,0,128000,aac_44100_128000,.aac,33.581455140106094,27.55177199250359,-3.3113168060922926,1024,23.219954648526077,0.0004383837889975834,0.0017572064986853145,340,301056,299880,110702,aac,44100,131.87219999963418,31.17129998281598,40.22729996358976,130.2376470588235,e0f86b83edd4ab0138eab77169964786de61e4886de430582a85cb143f692232,AAC-128,0.0155715857916342,0.8015633288694818,,True,True,True
musdb_26,public_music,music,1.1,opus,48000,0,64000,opus_48000_64000,.ogg,20.556224506497696,18.084466628014756,20.556224506497696,0,0.0,0.00879787018088599,0.015543661761040502,340,299880,299880,55217,opus,48000,79.94409999810159,30.9638999751769,44.98110001441091,64.96117647058824,0d7527de7a189ed4a1d3d71ea68ba801f5066db74e5496e10efd0bc9587ad4f4,Opus-64,0.06325685710175427,1.7355140659396668,,True,True,True
musdb_26,public_music,music,1.1,wav,44100,16,0,wav_44100_16,.wav,78.60950863359655,74.84304461940565,78.60950863359655,0,0.0,1.37736529697267e-08,3.2786536266922044e-08,340,299880,299880,599804,pcm_s16le,44100,8.052599965594709,44.303900038357824,47.252300020772964,705.6517647058823,13a48f013bac3fe27c0e23d90cd0a3e3c0252668fb5b3a2a051147806fe54778,PCM-16,0.00013181769926759245,0.006108000572222541,,True,True,True
musdb_27,public_music,music,1.1,mp3,44100,0,96000,mp3_44100_96000,.mp3,22.58709998330192,11.378851649320312,22.58709998330192,0,0.0,0.0055117562301300925,0.07279722677088814,335,299880,299880,82486,mp3float,44100,75.64699999056756,21.74399996874854,46.88080004416406,97.04235294117646,77615fd77c01eeed3487a7409c39ad44aaca10eda8ff59141bc1628eed2585d7,Global-only,0.06353602743540046,1.6056539709127489,,True,False,False
musdb_27,public_music,music,1.1,mp3,44100,0,128000,mp3_44100_128000,.mp3,24.6254400844156,16.242584240654473,24.6254400844156,0,0.0,0.0034471167407263393,0.02375426384206007,335,299880,299880,109966,mp3float,44100,67.59360001888126,23.378999962005764,47.15810000197962,129.37176470588236,5d94e511337d62f3a5be2312eaf464793919c9ed0d51ed8600156c450e795c2f,Tail-constrained,0.05452515088342135,1.0106226583381872,,True,True,True
musdb_27,public_music,music,1.1,mp3,44100,0,128000,mp3_44100_128000,.mp3,24.6254400844156,16.242584240654473,24.6254400844156,0,0.0,0.0034471167407263393,0.02375426384206007,335,299880,299880,109966,mp3float,44100,67.59360001888126,23.378999962005764,47.15810000197962,129.37176470588236,5d94e511337d62f3a5be2312eaf464793919c9ed0d51ed8600156c450e795c2f,MP3-128,0.05452515088342135,1.0106226583381872,,True,True,True
musdb_27,public_music,music,1.1,aac,44100,0,128000,aac_44100_128000,.aac,26.821680349782998,14.012060836671532,-3.132890456356578,1024,23.219954648526077,0.002078892177249232,0.039700311678953645,335,301056,299880,114499,aac,44100,189.34580002678558,29.713299998547882,48.85640001157299,134.70470588235293,ab15df19e7d327745757ceca81067add8066cf9c3a10e29e99a5cb90922b245e,AAC-128,0.03129715919345107,1.0728159927915695,,True,False,False
musdb_27,public_music,music,1.1,opus,48000,0,64000,opus_48000_64000,.ogg,18.848387322911115,6.745115403304952,18.848387322911115,0,0.0,0.013036507766462528,0.2115867460409133,335,299880,299880,55217,opus,48000,66.03859999449924,34.419699979480356,50.82470003981143,64.96117647058824,ffaf0098f5fd7d33d71b27eff555ce84d447954e8923b3e6b01eee3e68f49cd5,Opus-64,0.07431517502021263,2.0541744989349056,,False,False,False
musdb_27,public_music,music,1.1,wav,44100,16,0,wav_44100_16,.wav,80.76596270291431,51.734750867058,80.76596270291431,0,0.0,8.383082297877014e-09,6.706947599901454e-06,335,299880,299880,599804,pcm_s16le,44100,8.087200054433197,29.52979999827221,36.35740000754595,705.6517647058823,276fcda3eee6c040efb38c4f4b99221bf558bf243206fd1781a4994815dcedb5,PCM-16,0.0001032154273629349,0.004622737777765164,,True,True,True
musdb_28,public_music,music,1.1,mp3,44100,0,96000,mp3_44100_96000,.mp3,22.99211715052582,12.90578474423879,22.99211715052582,0,0.0,0.005020977612476462,0.05121787142622641,340,299880,299880,82486,mp3float,44100,66.868300025817,22.63459999812767,41.90710000693798,97.04235294117646,5a9d039a1bb7d1e8b40520df548e225d7918116541939ad989ffb0bd68692a6a,Global-only,0.06144014118410059,1.5743977118064545,,True,False,False
musdb_28,public_music,music,1.1,mp3,32000,0,96000,mp3_32000_96000,.mp3,23.37969879174883,15.236982549993561,23.37969879174883,0,0.0,0.004592298619698202,0.02994344365156094,340,299880,299880,82556,mp3float,32000,57.444000034593046,20.140599983278662,51.46469996543601,97.12470588235294,bb1216ca7607797db2394fedb290817c266bb54e7bea25c889c056f44f538729,Tail-constrained,0.0604926722307796,1.6291533554528466,,True,True,True
musdb_28,public_music,music,1.1,mp3,44100,0,128000,mp3_44100_128000,.mp3,24.81145935215626,17.0304118581491,24.81145935215626,0,0.0,0.00330258546187159,0.019813391188914394,340,299880,299880,109966,mp3float,44100,61.40340003184974,32.985699945129454,42.374600016046315,129.37176470588236,7111005fd76d90b9672a550b8639ff47064950c02a500f29969aff85a9ff14ab,MP3-128,0.053978718470486346,1.0022022987279213,,True,True,True
musdb_28,public_music,music,1.1,aac,44100,0,128000,aac_44100_128000,.aac,28.77035639205546,15.794565952437774,-2.521145778976491,1024,23.219954648526077,0.001327285533152358,0.026335611369047482,340,301056,299880,117073,aac,44100,212.07150002010167,28.47469999687746,52.64100001659244,137.7329411764706,cc7fd33adb57ffafd9a371ff78848c03de0632c4edbe735bb0e995238c2bef86,AAC-128,0.02602846905928718,1.0116242947198626,,True,True,True
musdb_28,public_music,music,1.1,opus,48000,0,64000,opus_48000_64000,.ogg,18.770553985562263,8.44012417165226,18.770553985562263,0,0.0,0.01327225146237977,0.1432146951344682,340,299880,299880,55217,opus,48000,57.56610003300011,40.53260001819581,55.93209998914972,64.96117647058824,e004e3226ebfcd3ad477c8ecd2b778e47060e471723a7a1ea9c9efaf7c8162ab,Opus-64,0.07468870734065206,2.092664810956456,,False,False,False
musdb_28,public_music,music,1.1,wav,44100,16,0,wav_44100_16,.wav,77.6401691337533,60.680328657769344,77.6401691337533,0,0.0,1.7218015190052952e-08,8.550020070924066e-07,340,299880,299880,599804,pcm_s16le,44100,9.158800006844103,38.29500003485009,43.518299993593246,705.6517647058823,641694edbd32c85ec9b7427bb533f45e0dfe8845b45325907a7124129a1ec144,PCM-16,0.00014673475266696514,0.007009078327553783,,True,True,True
musdb_29,public_music,music,1.1,mp3,32000,0,64000,mp3_32000_64000,.mp3,20.285287467033317,11.701416181307462,20.285287467033317,0,0.0,0.009364212345008342,0.0675862548925257,340,299880,299880,55052,mp3float,32000,61.01399997714907,15.960399992763996,46.20270000305027,64.76705882352941,cc51daf64d084de80134555f013839f0ea90ede74bf1388ea03f07de71f0864a,Global-only,0.07848308921573324,1.9339785762560766,,True,False,False
musdb_29,public_music,music,1.1,mp3,44100,0,96000,mp3_44100_96000,.mp3,23.58079615084221,17.75636235269641,23.58079615084221,0,0.0,0.004384503134737978,0.016763463946266263,340,299880,299880,82486,mp3float,44100,71.32180000189692,23.79170001950115,43.31739997724071,97.04235294117646,01883509763933b053645c4253c0a293daada5d43c18cb82168adedf12a090c9,Tail-constrained,0.05909831396921751,1.1947354995062351,,True,True,True
musdb_29,public_music,music,1.1,mp3,44100,0,128000,mp3_44100_128000,.mp3,25.145624695181958,21.87151975694058,25.145624695181958,0,0.0,0.0030580003478792475,0.006499022257321413,340,299880,299880,109966,mp3float,44100,62.70920002134517,22.69389998400584,41.59159999107942,129.37176470588236,7d76cabb21ac47795f7642d9284f7c8ea24cdd5f8a73c29d03e799975c1e9bc3,MP3-128,0.05269294505777546,0.7445789656109201,,True,True,True
musdb_29,public_music,music,1.1,aac,44100,0,128000,aac_44100_128000,.aac,29.585636710285264,17.171285691400765,-1.86930368980438,1024,23.219954648526077,0.001100110548507782,0.01918100819386505,340,301056,299880,110930,aac,44100,133.62149999011308,25.583699985872954,45.47810001531616,130.50588235294117,0a209247e382922da69392085a919747118facc1a6244c36bb2d13c397cfb392,AAC-128,0.024090873933872284,0.8485407636309822,,True,True,True
musdb_29,public_music,music,1.1,opus,48000,0,64000,opus_48000_64000,.ogg,15.521193341961455,3.528792762975883,15.521193341961455,0,0.0,0.02804662874815945,0.44373197389354124,340,299880,299880,55217,opus,48000,61.745200015138835,41.51210002601147,48.41300001135096,64.96117647058824,fdf3b91e060c07bd7e6eab17288e270ed5a5ad5afba1b93be1712e0a4e4d33a6,Opus-64,0.14781210434403336,1.7709403259602707,,False,False,False
musdb_29,public_music,music,1.1,wav,44100,16,0,wav_44100_16,.wav,76.89084133308958,64.86789232896467,76.89084133308958,0,0.0,2.0460482294710834e-08,3.259948709252227e-07,340,299880,299880,599804,pcm_s16le,44100,8.30419996054843,34.375499992165715,35.94909998355433,705.6517647058823,5a04e32974d84d6f34b126368250f26331f8407594810eb0661318e043c1381f,PCM-16,0.0001616131527612709,0.003347919590345449,,True,True,True
musdb_30,public_music,music,1.1,mp3,32000,0,64000,mp3_32000_64000,.mp3,20.02436719038772,15.895375291190843,20.02436719038772,0,0.0,0.009944049579427384,0.02573134400007836,340,299880,299880,55052,mp3float,32000,61.7740000016056,18.454500008374453,40.16940004657954,64.76705882352941,c68377c5c0103e5e6392776515641e11149fd796b822948b2415d25af9e38c88,Global-only,0.07975564869314164,2.369233655805444,,True,True,True
musdb_30,public_music,music,1.1,mp3,32000,0,64000,mp3_32000_64000,.mp3,20.02436719038772,15.895375291190843,20.02436719038772,0,0.0,0.009944049579427384,0.02573134400007836,340,299880,299880,55052,mp3float,32000,61.7740000016056,18.454500008374453,40.16940004657954,64.76705882352941,c68377c5c0103e5e6392776515641e11149fd796b822948b2415d25af9e38c88,Tail-constrained,0.07975564869314164,2.369233655805444,,True,True,True
musdb_30,public_music,music,1.1,mp3,44100,0,128000,mp3_44100_128000,.mp3,25.129188400661107,23.32468752205694,25.129188400661107,0,0.0,0.003069595573613641,0.004650838380729876,340,299880,299880,109966,mp3float,44100,65.05460001062602,19.980199984274805,40.54949997225776,129.37176470588236,1b9c351f373558299b63c294c0fc1be8cb94e2d5cfd101033a14f6fc95cbf6ef,MP3-128,0.05301190428529433,0.958683891339422,,True,True,True
musdb_30,public_music,music,1.1,aac,44100,0,128000,aac_44100_128000,.aac,29.98228223244698,22.791518183251842,-3.2622791394682853,1024,23.219954648526077,0.0010040879999135765,0.005258334162452293,340,301056,299880,110650,aac,44100,149.70459998585284,28.82909995969385,47.417800000403076,130.1764705882353,a327c2ad441da0b2f54188e175e18fcd1895759b212166c1da9becbcf7c8e2f4,AAC-128,0.02361591696114663,1.1212219109301826,,True,True,True
musdb_30,public_music,music,1.1,opus,48000,0,64000,opus_48000_64000,.ogg,19.075824620634577,15.708215387308591,19.075824620634577,0,0.0,0.012371362652486641,0.02686448140212425,340,299880,299880,55217,opus,48000,61.55729998135939,33.70339999673888,40.87739996612072,64.96117647058824,1d5040b5b8f67cc6564ff99239ddc22109b5199abed712e943b0ff09b3219f82,Opus-64,0.07496509580457247,2.087721600369122,,False,True,False
musdb_30,public_music,music,1.1,wav,44100,16,0,wav_44100_16,.wav,79.53647739996872,74.62395288781705,79.53647739996872,0,0.0,1.1126338282836237e-08,3.448297372387771e-08,340,299880,299880,599804,pcm_s16le,44100,11.862199986353517,33.664199989289045,44.02089997893199,705.6517647058823,0af770c29f4578d0a7747d629ff8f34bdcea926a24fc6be37ca64683b39b6b41,PCM-16,0.00011922158215462295,0.00573909315881171,,True,True,True
musdb_31,public_music,music,1.1,mp3,44100,0,32000,mp3_44100_32000,.mp3,20.761622547820618,13.799505384736381,20.761622547820618,0,0.0,0.008391464182787694,0.04169168631668226,340,299880,299880,27602,mp3float,44100,66.2286999868229,18.291399988811463,35.66830005729571,32.472941176470584,edb6a92fb2dcdfccecd07aa93f97d97f426b4b54bdeb888cf4c92b797eb08303,Global-only,0.07876571598226888,2.022663933032044,,True,False,False
musdb_31,public_music,music,1.1,mp3,44100,0,64000,mp3_44100_64000,.mp3,23.3118991579599,18.190859480037336,23.3118991579599,0,0.0,0.0046645535604911085,0.015167501689651745,340,299880,299880,55004,mp3float,44100,80.43410000391304,19.106400024611503,37.934100022539496,64.71058823529413,c309b5f3f784a5918ba0a5e5005ae4096cc40d728cd7ff6c4a4e7f64a10be248,Tail-constrained,0.06055848734492026,1.1996196660289216,,True,True,True
musdb_31,public_music,music,1.1,mp3,44100,0,128000,mp3_44100_128000,.mp3,25.831679506629868,24.426613501915227,25.831679506629868,0,0.0,0.0026111513728530977,0.0036085992108222447,340,299880,299880,109966,mp3float,44100,67.98829999752343,19.875400001183152,36.91240004263818,129.37176470588236,9d16bd208995bbb5b96dc18db3d73baf3b6d3649658491c2a29081945c6a5c04,MP3-128,0.05064458525528701,0.4445087465934662,,True,True,True
musdb_31,public_music,music,1.1,aac,44100,0,128000,aac_44100_128000,.aac,33.618875382883274,21.442019167515618,-2.649097427671112,1024,23.219954648526077,0.0004346227563198992,0.007174606443783841,340,301056,299880,113229,aac,44100,156.43430000636727,22.696300002280623,37.36050002044067,133.21058823529413,e2b0bd7b3c43c12c222b52e9292e7b863fc4a1aa8bce5508148ceade6bec417a,AAC-128,0.014840111463497905,0.522214458609789,,True,True,True
musdb_31,public_music,music,1.1,opus,48000,0,64000,opus_48000_64000,.ogg,22.31452730605467,16.498070045637423,22.31452730605467,0,0.0,0.005868772429200473,0.02239716221390975,340,299880,299880,55217,opus,48000,57.48579994542524,36.36610001558438,45.69980001542717,64.96117647058824,6d626fa437edfe58293d506165a8cf37a78833be4234f40ce8d8a0d7d7e4723c,Opus-64,0.05096023883729918,1.182017129601805,,True,True,True
musdb_31,public_music,music,1.1,wav,44100,16,0,wav_44100_16,.wav,79.47804278724198,69.01304368235857,79.47804278724198,0,0.0,1.1277055589788581e-08,1.2551500038781898e-07,340,299880,299880,599804,pcm_s16le,44100,11.924399994313717,44.47950003668666,38.722599972970784,705.6517647058823,47819779f88585ba336fbdc353c991ba9fb28eca8c0e0155e8957937378f7ea5,PCM-16,0.0001212909367960384,0.005117540456807459,,True,True,True
musdb_32,public_music,music,1.1,mp3,44100,0,96000,mp3_44100_96000,.mp3,23.04996707189751,17.48761065913659,23.04996707189751,0,0.0,0.00495453947310385,0.017833596415587433,340,299880,299880,82486,mp3float,44100,64.80960000772029,33.81760005140677,38.661600032355636,97.04235294117646,9c3318f6ad4521f1f4a9af874799f24e2552b6abc2f1120822dd1a517ae45d17,Global-only,0.0611374727582066,1.8388824661434897,,True,True,True
musdb_32,public_music,music,1.1,mp3,44100,0,96000,mp3_44100_96000,.mp3,23.04996707189751,17.48761065913659,23.04996707189751,0,0.0,0.00495453947310385,0.017833596415587433,340,299880,299880,82486,mp3float,44100,64.80960000772029,33.81760005140677,38.661600032355636,97.04235294117646,9c3318f6ad4521f1f4a9af874799f24e2552b6abc2f1120822dd1a517ae45d17,Tail-constrained,0.0611374727582066,1.8388824661434897,,True,True,True
musdb_32,public_music,music,1.1,mp3,44100,0,128000,mp3_44100_128000,.mp3,24.854149798731132,21.624023484972543,24.854149798731132,0,0.0,0.003270280615687525,0.0068801459561509,340,299880,299880,109966,mp3float,44100,78.16929998807609,25.056200043763965,38.49929996067658,129.37176470588236,0d658d508ebbd625034b748471d9682af355650bdb21e7c1664599a00e06b678,MP3-128,0.05388520226557656,1.1418374758021548,,True,True,True
musdb_32,public_music,music,1.1,aac,44100,0,128000,aac_44100_128000,.aac,28.88408481953546,20.229636992466506,-3.164277388209774,1024,23.219954648526077,0.0012929791391243096,0.009484977407152737,340,301056,299880,112583,aac,44100,157.824800000526,24.088300007861108,38.84940000716597,132.4505882352941,0766e46ed82d4e3c0009b2afbbe9a1ac0d4448481724f936c79393d27af3d67d,AAC-128,0.026175660850180357,1.2986575821606627,,True,True,True
musdb_32,public_music,music,1.1,opus,48000,0,64000,opus_48000_64000,.ogg,18.71467272457009,13.761510407117836,18.71467272457009,0,0.0,0.013444130750708756,0.0420580331797556,340,299880,299880,55217,opus,48000,62.8856000257656,39.2981999902986,48.315400024876,64.96117647058824,f91e67423536c3278bc60ac468526f0b02f3069cc1ee89ca47a28f68917806cc,Opus-64,0.08006228632232298,2.782277204839949,,False,False,False
musdb_32,public_music,music,1.1,wav,44100,16,0,wav_44100_16,.wav,77.63205258034719,71.86246869114427,77.63205258034719,0,0.0,1.7250224121482416e-08,6.512580895357487e-08,340,299880,299880,599804,pcm_s16le,44100,8.257099951151758,33.22310000658035,32.85869996761903,705.6517647058823,3b6a905cda30d0e26aec32bab7c09a5faade344f7618abd5abb338f544b62d2d,PCM-16,0.00014824953032879727,0.013888711084462246,,True,True,True
musdb_33,public_music,music,1.1,mp3,44100,0,96000,mp3_44100_96000,.mp3,22.380196820025745,16.2583186900862,22.380196820025745,0,0.0,0.005780698489838022,0.023668358072893553,340,299880,299880,82486,mp3float,44100,66.9488999992609,18.18219997221604,36.123799975030124,97.04235294117646,856c342203513a58b44f8cf8079111bbb19d63c5dfb9725c117d17fac254d664,Global-only,0.06430096962891128,2.0990119904850046,,True,True,True
musdb_33,public_music,music,1.1,mp3,44100,0,96000,mp3_44100_96000,.mp3,22.380196820025745,16.2583186900862,22.380196820025745,0,0.0,0.005780698489838022,0.023668358072893553,340,299880,299880,82486,mp3float,44100,66.9488999992609,18.18219997221604,36.123799975030124,97.04235294117646,856c342203513a58b44f8cf8079111bbb19d63c5dfb9725c117d17fac254d664,Tail-constrained,0.06430096962891128,2.0990119904850046,,True,True,True
musdb_33,public_music,music,1.1,mp3,44100,0,128000,mp3_44100_128000,.mp3,24.58358468866241,20.843940308528552,24.58358468866241,0,0.0,0.003480499142782469,0.008233907222008105,340,299880,299880,109966,mp3float,44100,63.37699998402968,25.143700011540204,39.81949994340539,129.37176470588236,015a3fa03a59bad9ec3f384dfb22f6ef5677dbf3285e3b4260473fd67a4446b2,MP3-128,0.05485339119742713,1.2885083440715825,,True,True,True
musdb_33,public_music,music,1.1,aac,44100,0,128000,aac_44100_128000,.aac,26.723167820255558,17.545104389388303,-3.4485528568980053,1024,23.219954648526077,0.0021265873099722077,0.01759906361224731,340,301056,299880,112332,aac,44100,155.26760002830997,27.10300002945587,38.6034999974072,132.15529411764706,03779d6909eae65c58527f369241dc0af07e89fb7b8681fbd9263e0a20e92065,AAC-128,0.03312031766988635,1.4961588501824057,,True,True,True
musdb_33,public_music,music,1.1,opus,48000,0,64000,opus_48000_64000,.ogg,17.9668492066874,12.595833615671118,17.9668492066874,0,0.0,0.015970373728183388,0.05500683263557791,340,299880,299880,55217,opus,48000,73.40369996381924,40.51560000516474,46.10410000896081,64.96117647058824,12549b2064dec1513b41b77f8b677ad5f232658c9bcc925df1d8c0e6cf98517b,Opus-64,0.08644234746589037,3.3957574404025994,,False,False,False
musdb_33,public_music,music,1.1,wav,44100,16,0,wav_44100_16,.wav,78.97915207365563,72.29279595621247,78.97915207365563,0,0.0,1.2649833015560914e-08,5.898212353030601e-08,340,299880,299880,599804,pcm_s16le,44100,7.629100000485778,33.74490002170205,34.19660002691671,705.6517647058823,c4943a360e1b514386734d96049f36e28affe262d792272ffbb800e9bed37cef,PCM-16,0.00012644086157390333,0.010494305290362087,,True,True,True
musdb_34,public_music,music,1.1,mp3,44100,0,96000,mp3_44100_96000,.mp3,21.964461030235608,14.201648623304514,21.964461030235608,0,0.0,0.006361417466400073,0.03800451001868301,340,299880,299880,82486,mp3float,44100,62.33450002036989,18.908599973656237,33.96229998907074,97.04235294117646,c9d7ce500d8248c8d149b4e3e18ebd69ddf91967ba7c70937e375581ed24fb11,Global-only,0.06697755896950554,1.6366692350418133,,True,False,False
musdb_34,public_music,music,1.1,mp3,44100,0,128000,mp3_44100_128000,.mp3,24.50291631499295,19.01545454801672,24.50291631499295,0,0.0,0.003545752097706107,0.01254453435438553,340,299880,299880,109966,mp3float,44100,56.95290002040565,15.926999971270561,33.299700007773936,129.37176470588236,9fa4b2abb3d7339b50414e17a3e32ea931a7d1e3fc6ee29d408e02e29e342e82,Tail-constrained,0.05517461222876202,1.0094974914023727,,True,True,True
musdb_34,public_music,music,1.1,mp3,44100,0,128000,mp3_44100_128000,.mp3,24.50291631499295,19.01545454801672,24.50291631499295,0,0.0,0.003545752097706107,0.01254453435438553,340,299880,299880,109966,mp3float,44100,56.95290002040565,15.926999971270561,33.299700007773936,129.37176470588236,9fa4b2abb3d7339b50414e17a3e32ea931a7d1e3fc6ee29d408e02e29e342e82,MP3-128,0.05517461222876202,1.0094974914023727,,True,True,True
musdb_34,public_music,music,1.1,aac,44100,0,128000,aac_44100_128000,.aac,27.455817340313015,15.199190424438978,-2.3916232394072883,1024,23.219954648526077,0.0017964629548156063,0.030205147270947887,340,301056,299880,112948,aac,44100,154.51730001950637,33.20440003881231,42.075200006365776,132.88,a6b315590609307da518c5955dc0b302d0ac9e0c391117e4fd03f01669697095,AAC-128,0.029956256150140203,1.143755258241592,,True,True,True
musdb_34,public_music,music,1.1,opus,48000,0,64000,opus_48000_64000,.ogg,17.164364304875914,8.03921207384442,17.164364304875914,0,0.0,0.01921160149474514,0.15706477359244386,340,299880,299880,55217,opus,48000,71.31570001365617,39.62989995488897,46.816700021736324,64.96117647058824,4ffe48616d17eb485a1f77911ba56336ceba530e725bf19a35bdcd98dcb8ba8d,Opus-64,0.09426797827190274,2.328784200891567,,False,False,False
musdb_34,public_music,music,1.1,wav,44100,16,0,wav_44100_16,.wav,75.44389364089476,58.09884801459533,75.44389364089476,0,0.0,2.8550297359766438e-08,1.549227503892636e-06,340,299880,299880,599804,pcm_s16le,44100,8.984499960206449,43.48100000061095,37.18669997761026,705.6517647058823,a4785447c7aca859562d7a56d1b02ecf9ca9a3a06c84f3a76e4a3b213b8b5168,PCM-16,0.0001904661856228674,0.007700358979822963,,True,True,True
musdb_35,public_music,music,1.1,mp3,16000,0,64000,mp3_16000_64000,.mp3,20.572905352199875,14.763983553854054,20.572905352199875,0,0.0,0.008764143195233614,0.03338886411139544,340,299880,299880,55340,mp3float,16000,47.55420004948974,25.22420004243031,40.60449998360127,65.10588235294118,56283ee921ac3961950369c227b6233d45e276461564a29542297abec127e6b7,Global-only,0.09016613039967272,5.574483599291707,,True,False,False
musdb_35,public_music,music,1.1,mp3,44100,0,96000,mp3_44100_96000,.mp3,23.37063813870101,20.251519773781407,23.37063813870101,0,0.0,0.004601889498911967,0.009437305686222282,340,299880,299880,82486,mp3float,44100,56.13110004924238,18.825000035576522,34.09580001607537,97.04235294117646,a000f273334f9641c5938f5d9d2a3b5a205614845289f0d763fa141e2e54c101,Tail-constrained,0.05994940809385245,1.8768023476165345,,True,True,True
musdb_35,public_music,music,1.1,mp3,44100,0,128000,mp3_44100_128000,.mp3,25.059023010157002,23.113860985269472,25.059023010157002,0,0.0,0.0031195912891209547,0.004882181283691529,340,299880,299880,109966,mp3float,44100,58.663300005719066,26.332099980209023,47.5381999858655,129.37176470588236,c53fa5518dfa80c79ce52f1cf155cb4ae5b14b8a47810fa8c66f98ed97507c09,MP3-128,0.053165476946103817,1.159909226160667,,True,True,True
musdb_35,public_music,music,1.1,aac,44100,0,128000,aac_44100_128000,.aac,27.899150362751392,20.464103328764367,-2.924215107292078,1024,23.219954648526077,0.001622127413171951,0.008986481138631656,340,301056,299880,110761,aac,44100,123.0887999990955,23.140800010878593,40.185299993027,130.30705882352942,b96406d035eebe01d96aebba3775e027c13b1424f093ff3b16f5c8fa6e82424a,AAC-128,0.030136248156252606,1.436663847746649,,True,True,True
musdb_35,public_music,music,1.1,opus,48000,0,64000,opus_48000_64000,.ogg,18.959081754399342,15.630240114631937,18.959081754399342,0,0.0,0.012708427760021106,0.027351175017540058,340,299880,299880,55217,opus,48000,56.31679994985461,33.83249999023974,38.85710000758991,64.96117647058824,0dcab42d5dbb39213d2f8e3b286ef51eef3d9feb9ab1681f861db166a7d80bf2,Opus-64,0.07642601821977943,2.575084560155643,,False,True,False
musdb_35,public_music,music,1.1,wav,44100,16,0,wav_44100_16,.wav,79.91333218917251,74.21473745016249,79.91333218917251,0,0.0,1.0201564530993696e-08,3.7890143929030177e-08,340,299880,299880,599804,pcm_s16le,44100,8.188099949620664,31.45750000840053,32.952999987173826,705.6517647058823,a459f53c6963cf0e58caf0d330b7de64e05d839007d36ed264d07f798b592c48,PCM-16,0.00011392441722339699,0.006944552492732874,,True,True,True
musdb_36,public_music,music,1.1,mp3,44100,0,96000,mp3_44100_96000,.mp3,20.30867492549081,17.760259962228858,20.30867492549081,0,0.0,0.009313920088385915,0.016748426194333157,340,299880,299880,82486,mp3float,44100,55.61649997252971,23.997000011149794,36.26710001844913,97.04235294117646,5a5e1903b5a09102e95b37903a8c5a90f3f7de634d688a06fe0796a094085e8a,Global-only,0.07725758141219144,2.64764459717824,,True,True,True
musdb_36,public_music,music,1.1,mp3,44100,0,96000,mp3_44100_96000,.mp3,20.30867492549081,17.760259962228858,20.30867492549081,0,0.0,0.009313920088385915,0.016748426194333157,340,299880,299880,82486,mp3float,44100,55.61649997252971,23.997000011149794,36.26710001844913,97.04235294117646,5a5e1903b5a09102e95b37903a8c5a90f3f7de634d688a06fe0796a094085e8a,Tail-constrained,0.07725758141219144,2.64764459717824,,True,True,True
musdb_36,public_music,music,1.1,mp3,44100,0,128000,mp3_44100_128000,.mp3,23.231281683419848,21.205008455262234,23.231281683419848,0,0.0,0.004751949664150501,0.007577032576949255,340,299880,299880,109966,mp3float,44100,60.86709996452555,19.284300040453672,31.918600026983768,129.37176470588236,3edfd54eb7782165f6999d01bd6a734dadfe175b03b3812862cdccc868af2ba8,MP3-128,0.06060119252327034,1.6477904690139824,,True,True,True
musdb_36,public_music,music,1.1,aac,44100,0,128000,aac_44100_128000,.aac,22.50458487370624,18.25749053212218,-3.555612380361113,1024,23.219954648526077,0.005617479712341361,0.014936572347556775,340,301056,299880,110559,aac,44100,112.1106999926269,19.13800003239885,33.75840000808239,130.06941176470588,524ab189470b782d3a2889f4dd783e1f5768a239fc730904bd9a9b761555d66a,AAC-128,0.05473356224521135,2.173716281932692,,True,True,True
musdb_36,public_music,music,1.1,opus,48000,0,64000,opus_48000_64000,.ogg,15.675061872615824,13.076634413337349,15.675061872615824,0,0.0,0.0270703463734632,0.049242099195063574,340,299880,299880,55217,opus,48000,56.18569999933243,34.02179997647181,46.604800038039684,64.96117647058824,dd52b04352cf17bbb749854f098f999d6474cda6b79836aea3503cbe96a95c2d,Opus-64,0.10945132728627206,3.8237317381582234,,False,False,False
musdb_36,public_music,music,1.1,wav,44100,16,0,wav_44100_16,.wav,80.90449778530974,76.85397615892096,80.90449778530974,0,0.0,8.119891412862698e-09,2.063490073880572e-08,340,299880,299880,599804,pcm_s16le,44100,11.662999982945621,42.34079999150708,55.54039997514337,705.6517647058823,67870cbbcc74791a03f279c191537245bedc1eb8c89004167701e2ce4f10bbe5,PCM-16,0.00010161626455763449,0.005621370376011341,,True,True,True
musdb_37,public_music,music,1.1,aac,16000,0,32000,aac_16000_32000,.aac,20.007341562485315,10.732508732409048,-3.723623411581005,2822,63.99092970521542,0.009983109707842516,0.08447907049337111,340,304820,299880,28466,aac,16000,78.26839998597279,13.472900027409196,51.976899965666234,33.48941176470588,eedf92c71a94e25e67539603b8606e6074821b9cde597c94837df1fd5bc5f7e5,Global-only,0.07008980500615612,3.0644646040040695,,True,False,False
musdb_37,public_music,music,1.1,mp3,44100,0,64000,mp3_44100_64000,.mp3,21.41005762577574,15.218102620768736,21.41005762577574,0,0.0,0.007227602133595991,0.0300738990735828,340,299880,299880,55004,mp3float,44100,77.93420000234619,22.904600016772747,45.46280001522973,64.71058823529413,ecfb7027845be6dc5e1a2e95733b11618c7fe1d6adc4ff5eb718d4c0e5b4d93e,Tail-constrained,0.07069681555144142,1.745176240494826,,True,True,True
musdb_37,public_music,music,1.1,mp3,44100,0,128000,mp3_44100_128000,.mp3,25.52896406148943,22.476409988461302,25.52896406148943,0,0.0,0.0027996490505198634,0.005654041621313118,340,299880,299880,109966,mp3float,44100,135.88289998006076,20.201099978294224,37.83260000636801,129.37176470588236,49f280b5c3a4d27ae2fb04af26326692586a77eb14e3327ea4e5faf656d02728,MP3-128,0.05148886297848836,0.6293925809837898,,True,True,True
musdb_37,public_music,music,1.1,aac,44100,0,128000,aac_44100_128000,.aac,32.37013108045763,21.51337288692357,-2.971100882865088,1024,23.219954648526077,0.0005794112081474613,0.00705769215640182,340,301056,299880,115749,aac,44100,162.52670000540093,28.789900010451674,36.259899963624775,136.17529411764704,72b5d4ce7787ed4f645677ea3176d08417394bab21aa883cb0cd659027d10f8f,AAC-128,0.01723304541729187,0.7095994335108492,,True,True,True
musdb_37,public_music,music,1.1,opus,48000,0,64000,opus_48000_64000,.ogg,20.294138160180264,15.022324223198298,20.294138160180264,0,0.0,0.009345148005369515,0.03146064177500562,340,299880,299880,55217,opus,48000,53.307300026062876,37.6298000337556,41.451399971265346,64.96117647058824,3971bc68ef682da984afb2aca2f808cedba11264ef0941fa97f1388430770b0e,Opus-64,0.0623672587184346,1.5875660231904216,,True,True,True
musdb_37,public_music,music,1.1,wav,44100,16,0,wav_44100_16,.wav,79.41484615092318,71.39512091441055,79.41484615092318,0,0.0,1.1442354137061615e-08,7.252502857021595e-08,340,299880,299880,599804,pcm_s16le,44100,16.584000026341528,51.777000015135854,45.51460000220686,705.6517647058823,1cdb1ae07a27df8c1aaa7462a7d24c87e1eace0ba1f6662be54da4da4ec63923,PCM-16,0.00012125773983480531,0.0066385678220122505,,True,True,True
musdb_38,public_music,music,1.1,mp3,44100,0,32000,mp3_44100_32000,.mp3,20.08493212706052,14.47050531924756,20.08493212706052,0,0.0,0.009806336398603713,0.035723127042620796,340,299880,299880,27602,mp3float,44100,52.63819999527186,28.256200021132827,43.424999981652945,32.472941176470584,d3684402354c11de7f9988ec163980ed49a0f6418ef3f87d740422854c37ae5a,Global-only,0.08538242579636164,4.061780618016111,,True,False,False
musdb_38,public_music,music,1.1,wav,8000,8,0,wav_8000_8,.wav,23.58496896288544,15.038489215088337,23.58496896288544,0,0.0,0.004380292415613135,0.03134375893417722,340,299880,299880,54444,pcm_u8,8000,23.012599966023117,22.374299995135516,56.95389996981248,64.05176470588236,ec0ab414056d29b0c8db5a3ed7e13f90194b5796fe4a10b8fc43e6f226e5ae21,Tail-constrained,0.0662823766179847,4.633678720349719,,True,True,True
musdb_38,public_music,music,1.1,mp3,44100,0,128000,mp3_44100_128000,.mp3,25.655532317940924,23.94964740061297,25.655532317940924,0,0.0,0.0027192351670172004,0.004027497318498008,340,299880,299880,109966,mp3float,44100,77.87739997729659,26.732900005299598,47.8000000002794,129.37176470588236,7f24479dd88b8542145bbd8b66b97704e3785db1d73aa7a9efe13f61220e1821,MP3-128,0.05109603640776638,0.8511114004080594,,True,True,True
musdb_38,public_music,music,1.1,aac,44100,0,128000,aac_44100_128000,.aac,32.031111032185706,21.496325913524576,-2.820218279156042,1024,23.219954648526077,0.0006264535819247476,0.0070854495261742775,340,301056,299880,114194,aac,44100,252.9857999761589,39.067699981387705,44.57430000184104,134.34588235294117,566c1672ffcab9b60e6b1bf1492aafb940464b89016aa6a35fef15c0f9a9faae,AAC-128,0.016769024729030618,0.9011021413124808,,True,True,True
musdb_38,public_music,music,1.1,opus,48000,0,64000,opus_48000_64000,.ogg,21.410850101032626,17.23533326194422,21.410850101032626,0,0.0,0.007226283403206896,0.018900211922027406,340,299880,299880,55217,opus,48000,58.1755000166595,36.45439998945221,42.69659996498376,64.96117647058824,de4c4ecf85a16c993d377dad5a0ac42ee2fc26acb49a41e1093fba0305c494c2,Opus-64,0.054229629179926075,1.9920219587445502,,True,True,True
musdb_38,public_music,music,1.1,wav,44100,16,0,wav_44100_16,.wav,80.87972281975752,73.68878554315617,80.87972281975752,0,0.0,8.166344898478124e-09,4.2768246613794936e-08,340,299880,299880,599804,pcm_s16le,44100,8.226300007663667,27.36100001493469,39.46810000343248,705.6517647058823,c81e1922c1505bb009e7309d71d578d22784babf9fb7287f377de613746c280f,PCM-16,0.00010177136893919534,0.007074898409250055,,True,True,True
musdb_39,public_music,music,1.1,mp3,44100,0,96000,mp3_44100_96000,.mp3,22.810082228853645,19.496042651189807,22.810082228853645,0,0.0,0.005235905228848249,0.011230413183234379,340,299880,299880,82486,mp3float,44100,77.70140003412962,28.94030004972592,44.57420000107959,97.04235294117646,098419d2c7c57876dccbb0c30cc4ed974834e5500abbd101bba757de96c675d8,Global-only,0.06255783518698556,1.774892643822067,,True,True,True
musdb_39,public_music,music,1.1,mp3,44100,0,96000,mp3_44100_96000,.mp3,22.810082228853645,19.496042651189807,22.810082228853645,0,0.0,0.005235905228848249,0.011230413183234379,340,299880,299880,82486,mp3float,44100,77.70140003412962,28.94030004972592,44.57420000107959,97.04235294117646,098419d2c7c57876dccbb0c30cc4ed974834e5500abbd101bba757de96c675d8,Tail-constrained,0.06255783518698556,1.774892643822067,,True,True,True
musdb_39,public_music,music,1.1,mp3,44100,0,128000,mp3_44100_128000,.mp3,24.82300741898235,22.919345397340805,24.82300741898235,0,0.0,0.0032938154179885594,0.005105819530868697,340,299880,299880,109966,mp3float,44100,64.10359998699278,20.812800037674606,63.4182000067085,129.37176470588236,eaa15d8cee43f2eaacd361ff573e6f6ef146181ed22cc49d734a738e651a5250,MP3-128,0.05398931113649597,1.0690878375671826,,True,True,True
musdb_39,public_music,music,1.1,aac,44100,0,128000,aac_44100_128000,.aac,26.735943187866283,17.91976925791978,-3.2196367037880447,1024,23.219954648526077,0.002120340853749005,0.01614444330503763,340,301056,299880,110405,aac,44100,158.33570004906505,44.59600005066022,48.957400023937225,129.88823529411766,709e173a0dd6befe3a4ae01818f8a222ead8fa64b2187134b2fe787c5ef33a2e,AAC-128,0.03304554579294531,1.4610794834033305,,True,True,True
musdb_39,public_music,music,1.1,opus,48000,0,64000,opus_48000_64000,.ogg,17.49828996759059,13.285373912866486,17.49828996759059,0,0.0,0.017789797445605337,0.046931302631279065,340,299880,299880,55217,opus,48000,81.00849995389581,32.049400033429265,57.36440001055598,64.96117647058824,e76da76570d1478e16611e649a0ea138403ba77cc0cb4957b8b25e7664c0a8c5,Opus-64,0.09770049912743864,2.4866882052423165,,False,False,False
musdb_39,public_music,music,1.1,wav,44100,16,0,wav_44100_16,.wav,77.86562341112416,73.4435745902314,77.86562341112416,0,0.0,1.6346984803232257e-08,4.5252496241396694e-08,340,299880,299880,599804,pcm_s16le,44100,11.884699983056635,55.12049997923896,61.13400001777336,705.6517647058823,52caa20ec5b06c93fa4e5c24b587ae78fadeb9258671fc85bf7eea9318ac2b8b,PCM-16,0.0001446978731613434,0.0046499660054720405,,True,True,True
musdb_40,public_music,music,1.1,mp3,44100,0,96000,mp3_44100_96000,.mp3,20.33237684174905,15.927187457487683,20.33237684174905,0,0.0,0.009263227192824347,0.025543549976831767,340,299880,299880,82486,mp3float,44100,56.23170000035316,26.948200014885515,35.424400004558265,97.04235294117646,8c66bde9c9977d6ff0699cbe3a7b6911cba55c705a922fc3e49d6d942e51ebf9,Global-only,0.0773015152068303,2.5259311100841964,,True,True,True
musdb_40,public_music,music,1.1,mp3,44100,0,96000,mp3_44100_96000,.mp3,20.33237684174905,15.927187457487683,20.33237684174905,0,0.0,0.009263227192824347,0.025543549976831767,340,299880,299880,82486,mp3float,44100,56.23170000035316,26.948200014885515,35.424400004558265,97.04235294117646,8c66bde9c9977d6ff0699cbe3a7b6911cba55c705a922fc3e49d6d942e51ebf9,Tail-constrained,0.0773015152068303,2.5259311100841964,,True,True,True
musdb_40,public_music,music,1.1,mp3,44100,0,128000,mp3_44100_128000,.mp3,23.30836280330271,19.78964733911407,23.30836280330271,0,0.0,0.004668353340172279,0.010496276582848662,340,299880,299880,109966,mp3float,44100,59.0002000099048,16.00000000325963,50.66069995518774,129.37176470588236,bcbe1a611afe2176c70bcd2ef58eff8d84d68477a72464ceeab8b97cff4c8cfb,MP3-128,0.06019979860730769,1.5533114078432115,,True,True,True
musdb_40,public_music,music,1.1,aac,44100,0,128000,aac_44100_128000,.aac,24.11142702521107,18.00330200569812,-2.35462610241079,1024,23.219954648526077,0.003880228466715209,0.01583688632516998,340,301056,299880,112174,aac,44100,132.96150002861395,28.837199963163584,44.453500013332814,131.96941176470588,0dc30c8bb60ae7b78d2ff6297a86afd800083285e582d8a77f3d7c133a492ccd,AAC-128,0.047012753124408356,1.7683096285448345,,True,True,True
musdb_40,public_music,music,1.1,opus,48000,0,64000,opus_48000_64000,.ogg,16.018769328691832,12.366964098473094,16.018769328691832,0,0.0,0.025010539913129386,0.05798338831191674,340,299880,299880,55217,opus,48000,81.57059998484328,35.80850001890212,45.364499965216964,64.96117647058824,0013d0127db7f30b6a2ce4860c19ebbc49d557bc17b4b77940e71b0494f49e82,Opus-64,0.10525922622806037,3.642742545342049,,False,False,False
musdb_40,public_music,music,1.1,wav,44100,16,0,wav_44100_16,.wav,78.90865944789168,74.58447827300759,78.90865944789168,0,0.0,1.2856834551510688e-08,3.479783084960648e-08,340,299880,299880,599804,pcm_s16le,44100,8.233500004280359,29.441800026688725,34.20589998131618,705.6517647058823,e7ada668471bf12c859a080a09c429a03f30ff2c3f954cff2c52b056d3463820,PCM-16,0.00012816778356271454,0.008141903014453679,,True,True,True
musdb_41,public_music,music,1.1,mp3,16000,0,64000,mp3_16000_64000,.mp3,20.082514254892022,14.743667277058652,20.082514254892022,0,0.0,0.009811797455627852,0.03354542297644742,340,299880,299880,55340,mp3float,16000,52.790200046729296,23.04960001492873,51.105499966070056,65.10588235294118,d034341ef4891a4d9d336bec698ad3bb4471989180333bc13b9e02f5a46660ad,Global-only,0.09523842712687694,5.421676073472954,,True,False,False
musdb_41,public_music,music,1.1,mp3,44100,0,96000,mp3_44100_96000,.mp3,23.006415291810853,19.790980444330224,23.006415291810853,0,0.0,0.005004474386483089,0.010493055152624888,340,299880,299880,82486,mp3float,44100,66.57099997391924,19.957699987571687,42.81820001779124,97.04235294117646,2fbf39baddea0bf209e4e4a32c6611315b0e203f45670d6cc76c1aa7664f77cf,Tail-constrained,0.06133041066384936,1.8137394633468495,,True,True,True
musdb_41,public_music,music,1.1,mp3,44100,0,128000,mp3_44100_128000,.mp3,24.833650696173443,22.63137695214468,24.833650696173443,0,0.0,0.003285753130792692,0.00545584853288826,340,299880,299880,109966,mp3float,44100,79.84630001010373,28.886299987789243,46.598699991591275,129.37176470588236,128ba6ea07791ba2bf5720305657bf2a9c2795479fcb24dc3349c715b919eb88,MP3-128,0.05403681918518349,1.1151602449215618,,True,True,True
musdb_41,public_music,music,1.1,aac,44100,0,128000,aac_44100_128000,.aac,26.981853855056556,19.004069875483495,-2.7991756243352723,1024,23.219954648526077,0.002003616569201559,0.012577461958757892,340,301056,299880,112148,aac,44100,172.21629997948185,32.92389999842271,74.82909999089316,131.93882352941176,3f6396cb0af2ea06221baf97fbf715aaa5db329ea8fc9d5b629ba89eac4625ad,AAC-128,0.033523055849905295,1.226921614942923,,True,True,True
musdb_41,public_music,music,1.1,opus,48000,0,64000,opus_48000_64000,.ogg,18.7557185721013,15.335857663150929,18.7557185721013,0,0.0,0.013317666735103888,0.029269427892220673,340,299880,299880,55217,opus,48000,62.874299997929484,34.8736000014469,52.742699976079166,64.96117647058824,890e1bf49f94e6f44dca671c2593d8f9ac43ebacacb094e4ceedcee4c5da5051,Opus-64,0.07818692629694339,2.5301636135598513,,False,True,False
musdb_41,public_music,music,1.1,wav,44100,16,0,wav_44100_16,.wav,79.4330239592901,75.56767695627356,79.4330239592901,0,0.0,1.1394561166930609e-08,2.7748039520195958e-08,340,299880,299880,599804,pcm_s16le,44100,12.560000002849847,35.025699995458126,47.82749997684732,705.6517647058823,edccf1c2fa624b02fe04c774854e5ed61a9384561a03263fad3fa41272b306e2,PCM-16,0.00011965694040290328,0.009271821576294071,,True,True,True
musdb_42,public_music,music,1.1,aac,16000,0,128000,aac_16000_128000,.aac,20.013639855954,9.884010974765276,-2.7461392370528364,2822,63.99092970521542,0.009968642339176945,0.10270673005899456,340,304820,299880,70661,aac,16000,140.7476000022143,21.33240003604442,58.05120000150055,83.13058823529411,5c4f453b2b81ec17d550373248132f0debe4704304f56cc81f0777dae26f3f87,Global-only,0.08637026168565466,4.212467483136054,,True,False,False
musdb_42,public_music,music,1.1,mp3,44100,0,96000,mp3_44100_96000,.mp3,23.85735239745815,18.752246778039478,23.85735239745815,0,0.0,0.004114004479663324,0.013328317269242133,340,299880,299880,82486,mp3float,44100,58.795200020540506,18.580399977508932,36.63839999353513,97.04235294117646,2e4e09fa3858ac6b215835d3f93c50e1b43e1da3d47058a37659ae1521cd3c28,Tail-constrained,0.057433417194525424,1.5219508121618688,,True,True,True
musdb_42,public_music,music,1.1,mp3,44100,0,128000,mp3_44100_128000,.mp3,25.193514408799306,22.242903523348247,25.193514408799306,0,0.0,0.003024464972361691,0.005966362655005697,340,299880,299880,109966,mp3float,44100,63.84859996614978,23.37970002554357,60.521400009747595,129.37176470588236,3c96114a08c3bc895993ec93366fba2d7c658e21b9f489e21aebc2014d7c83e4,MP3-128,0.052673346146743724,0.947417615760106,,True,True,True
musdb_42,public_music,music,1.1,aac,44100,0,128000,aac_44100_128000,.aac,29.859029316108252,20.17261246291437,-3.7046196906508175,1024,23.219954648526077,0.001032992262229191,0.009610340023332359,340,301056,299880,111508,aac,44100,147.5061000091955,27.626800001598895,39.648299978580326,131.18588235294118,f6d522258f35ec8f61d789a2210556fea871c57205709434002c63ab9d3d50a5,AAC-128,0.023413053273625552,1.093983370512812,,True,True,True
musdb_42,public_music,music,1.1,opus,48000,0,64000,opus_48000_64000,.ogg,19.652830119217814,14.220154291143984,19.652830119217814,0,0.0,0.010832207933573432,0.037842914008342624,340,299880,299880,55217,opus,48000,63.781100034248084,29.591200000140816,48.15660003805533,64.96117647058824,cc5a5f66ea73365e2e4d0c525edfc651b2dd04a283788bb162a7e007bb009ae6,Opus-64,0.07041173287945365,2.3187984139184694,,False,False,False
musdb_42,public_music,music,1.1,wav,44100,16,0,wav_44100_16,.wav,76.30240217534146,71.33285375588993,76.30240217534146,0,0.0,2.342932530933463e-08,7.357234935557432e-08,340,299880,299880,599804,pcm_s16le,44100,8.060500025749207,40.21499998634681,34.58629996748641,705.6517647058823,b5b4d58976f593ecd9d07c9eb9eae0cec5fc8bc006c759d827344b628994c784,PCM-16,0.0001723090449596995,0.008797684586314575,,True,True,True
musdb_43,public_music,music,1.1,mp3,44100,0,64000,mp3_44100_64000,.mp3,20.25102369113747,13.672895525301882,20.25102369113747,0,0.0,0.009438383745269702,0.042925014196848896,340,299880,299880,55004,mp3float,44100,109.60930003784597,33.69300003396347,43.75519999302924,64.71058823529413,e32f39bf5e28eba5798c668da28b61d40c66ed6bab8fb11d9e545d72a1847a2e,Global-only,0.07759374537786835,2.020545352276841,,True,False,False
musdb_43,public_music,music,1.1,mp3,32000,0,64000,mp3_32000_64000,.mp3,20.747172925184046,15.029664541336851,20.747172925184046,0,0.0,0.0084194303287916,0.03140751283082564,340,299880,299880,55052,mp3float,32000,62.59220000356436,24.46580003015697,51.26369994832203,64.76705882352941,0f1e80690811a0b974f86d9f412aa4b184db94ca871fc943aaa472c304c1640d,Tail-constrained,0.07376314855988964,1.8581890992742105,,True,True,True
musdb_43,public_music,music,1.1,mp3,44100,0,128000,mp3_44100_128000,.mp3,25.264041800249682,22.336887282220395,25.264041800249682,0,0.0,0.0029757457360894083,0.005838634266349887,340,299880,299880,109966,mp3float,44100,66.90799997886643,21.57039998564869,41.7371999938041,129.37176470588236,edfc4741d09a7cd8f457c99ad2d0056e90f41abaa8107f71fa05769778992d50,MP3-128,0.05230539807889021,0.7292150765671179,,True,True,True
musdb_43,public_music,music,1.1,aac,44100,0,128000,aac_44100_128000,.aac,29.9948869601609,19.350703309507907,-2.5905912894618344,1024,23.219954648526077,0.0010011780142456848,0.011612605405977717,340,301056,299880,115970,aac,44100,185.4717999813147,33.47080003004521,51.43689998658374,136.43529411764706,40cfd5388f4b031b83fd8d707241e76fcbda8cbf690e159148b9885195c2cddf,AAC-128,0.021942513776549613,0.8123457470703306,,True,True,True
musdb_43,public_music,music,1.1,opus,48000,0,64000,opus_48000_64000,.ogg,19.833701299072505,14.83569615056248,19.833701299072505,0,0.0,0.010390342655973382,0.03284205960385239,340,299880,299880,55217,opus,48000,71.63850002689287,44.605999952182174,58.81060002138838,64.96117647058824,d16fe4893bd2daf38337c732524675cd151259d0a96f9a3361ff53e2a8fc5a7b,Opus-64,0.06953031767683558,1.661386268168233,,False,False,False
musdb_43,public_music,music,1.1,wav,44100,16,0,wav_44100_16,.wav,79.00138326074871,72.69121806171012,79.00138326074871,0,0.0,1.2585244983859533e-08,5.381188356579893e-08,340,299880,299880,599804,pcm_s16le,44100,9.604500024579465,42.690300033427775,45.491900003980845,705.6517647058823,64019960ebbac8f86c932a3af10c00c568f79c83afa008422e57c7492e00aad5,PCM-16,0.00012654092668416182,0.0029415309109058624,,True,True,True
musdb_44,public_music,music,1.1,mp3,44100,0,96000,mp3_44100_96000,.mp3,23.480832340172093,17.625257021403037,23.480832340172093,0,0.0,0.004486593945910744,0.017277237284333828,340,299880,299880,82486,mp3float,44100,69.76340000983328,26.16670000134036,42.537800036370754,97.04235294117646,50ee2989f985068de55d0593f9f977b47ddcbad6031d2f4b2ed5f00ef9722355,Global-only,0.05914209066855259,1.7358293894161416,,True,True,True
musdb_44,public_music,music,1.1,mp3,44100,0,96000,mp3_44100_96000,.mp3,23.480832340172093,17.625257021403037,23.480832340172093,0,0.0,0.004486593945910744,0.017277237284333828,340,299880,299880,82486,mp3float,44100,69.76340000983328,26.16670000134036,42.537800036370754,97.04235294117646,50ee2989f985068de55d0593f9f977b47ddcbad6031d2f4b2ed5f00ef9722355,Tail-constrained,0.05914209066855259,1.7358293894161416,,True,True,True
musdb_44,public_music,music,1.1,mp3,44100,0,128000,mp3_44100_128000,.mp3,25.10494927239865,21.701687641228244,25.10494927239865,0,0.0,0.0030867757004391524,0.006758203048103112,340,299880,299880,109966,mp3float,44100,66.27820001449436,21.360599959734827,40.31870001927018,129.37176470588236,9f4f17fa289c837246f406b857d8c254fc8cc6a7fe2427531ec55ed97830764a,MP3-128,0.05310302291049712,1.063719350096291,,True,True,True
musdb_44,public_music,music,1.1,aac,44100,0,128000,aac_44100_128000,.aac,29.35042075811865,20.909290010212803,-3.5504113803383124,1024,23.219954648526077,0.001161336094505667,0.008110936455701398,340,301056,299880,115768,aac,44100,149.04400001978502,26.96520002791658,39.042399963364005,136.19764705882352,82e2239b426f429b288b8cd37ca861a03a93612deb415e71dbacef72127c12bd,AAC-128,0.024002231065004317,1.208788716053975,,True,True,True
musdb_44,public_music,music,1.1,opus,48000,0,64000,opus_48000_64000,.ogg,19.344294399385845,13.388900609200793,19.344294399385845,0,0.0,0.011629754849163669,0.04582578773045085,340,299880,299880,55217,opus,48000,63.45859996508807,39.60680001182482,46.67550005251542,64.96117647058824,9d9d8905b8f34800160496baaf364ad741ddac032e6196ffa44b6de0d2913be8,Opus-64,0.07421504911172566,2.4869128900746844,,False,False,False
musdb_44,public_music,music,1.1,wav,44100,16,0,wav_44100_16,.wav,75.70257815920071,67.02968837865603,75.70257815920071,0,0.0,2.6899374670484293e-08,1.9816692123385561e-07,340,299880,299880,599804,pcm_s16le,44100,7.8224000171758235,30.811800039373338,42.40239999489859,705.6517647058823,3f998ceb72a571ef74d8c2e9b33a43a6026a22a28b6a099667f9b520d4836b47,PCM-16,0.0001845419939450103,0.009575827966745845,,True,True,True
musdb_45,public_music,music,1.1,aac,16000,0,64000,aac_16000_64000,.aac,20.885457160038776,15.310810900666619,-3.0671738252123864,2822,63.99092970521542,0.008155569330225352,0.029438719121989275,340,304820,299880,55226,aac,16000,70.8221000386402,18.17180000944063,52.848300023470074,64.97176470588235,74fee4a5dc5dda37b73e46e8c733dd922620dbb2ce18b2617aaed2598d18a478,Global-only,0.0575281271500522,3.0687838698535552,,True,True,True
musdb_45,public_music,music,1.1,aac,16000,0,64000,aac_16000_64000,.aac,20.885457160038776,15.310810900666619,-3.0671738252123864,2822,63.99092970521542,0.008155569330225352,0.029438719121989275,340,304820,299880,55226,aac,16000,70.8221000386402,18.17180000944063,52.848300023470074,64.97176470588235,74fee4a5dc5dda37b73e46e8c733dd922620dbb2ce18b2617aaed2598d18a478,Tail-constrained,0.0575281271500522,3.0687838698535552,,True,True,True
musdb_45,public_music,music,1.1,mp3,44100,0,128000,mp3_44100_128000,.mp3,25.23041309377909,23.477595141532607,25.23041309377909,0,0.0,0.0029988772571411804,0.004489939466244816,340,299880,299880,109966,mp3float,44100,103.20660000434145,25.66139999544248,44.03670004103333,129.37176470588236,82b475727218bb71a5281ba6b5692524b7c4e6ee45f5dd6f7bb92ab16a76093c,MP3-128,0.052632429069687785,0.881780286017999,,True,True,True
musdb_45,public_music,music,1.1,aac,44100,0,128000,aac_44100_128000,.aac,29.978047554810452,22.77826110501618,-3.1448161155314125,1024,23.219954648526077,0.0010050675340417287,0.005274410040840268,340,301056,299880,111723,aac,44100,132.27120001101866,22.468900016974658,43.14119997434318,131.43882352941174,d3bc81ceb4fe3a9a021bc83d829694914914b353919af6f58c660dd331c173f5,AAC-128,0.02322326608203367,1.07729890630511,,True,True,True
musdb_45,public_music,music,1.1,opus,48000,0,64000,opus_48000_64000,.ogg,18.770546242376845,15.498005840162609,18.770546242376845,0,0.0,0.013272275125953649,0.02819677351715099,340,299880,299880,55217,opus,48000,53.54980000993237,34.49349995935336,46.44639999605715,64.96117647058824,592d79a68e87bacb7f1be6cc03a6bece7b3e1c99240b1b020b9e467934f3ff37,Opus-64,0.07864912630458397,1.9444567580977472,,False,True,False
musdb_45,public_music,music,1.1,wav,44100,16,0,wav_44100_16,.wav,76.63120018742784,73.07876650467792,76.63120018742784,0,0.0,2.172100828533516e-08,4.921793059732124e-08,340,299880,299880,599804,pcm_s16le,44100,7.965500000864267,35.53970000939444,44.93410000577569,705.6517647058823,6b665ec3baf4236db46da18eebd1fe9ff251d063e64a64b50a3a236d677b88a7,PCM-16,0.00016650847715254865,0.008306295021021896,,True,True,True
musdb_46,public_music,music,1.1,mp3,44100,0,64000,mp3_44100_64000,.mp3,21.803934483103586,11.057402296137592,21.803934483103586,0,0.0,0.006600951650058049,0.07838983862251821,340,299880,299880,55004,mp3float,44100,72.84899998921901,26.03750000707805,34.197699977084994,64.71058823529413,7da75ffc9e176fefccee0a861c348e4d36f594cbb45b2647aebf357ad12a8624,Global-only,0.06817760505541745,1.7323523063512538,,True,False,False
musdb_46,public_music,music,1.1,mp3,44100,0,96000,mp3_44100_96000,.mp3,24.955075906878463,17.560883687008527,24.955075906878463,0,0.0,0.0031951585186856027,0.017535236647629883,340,299880,299880,82486,mp3float,44100,66.818899998907,25.014899962116033,34.43689999403432,97.04235294117646,f4091ad933cb8da50e61465b1009189ed6ddc11a0429caa604a502c5bff6537b,Tail-constrained,0.05330666814530921,0.9822315646582763,,True,True,True
musdb_46,public_music,music,1.1,mp3,44100,0,128000,mp3_44100_128000,.mp3,25.718446087004637,22.27526401271209,25.718446087004637,0,0.0,0.002680127107289924,0.005922070848181841,340,299880,299880,109966,mp3float,44100,59.752399974968284,25.655000004917383,38.61079999478534,129.37176470588236,dbfe0135dd29e2842399b642dc769799f075f927a930e63c0d0b36c1f174b89d,MP3-128,0.05087351638894293,0.5963369351915553,,True,True,True
musdb_46,public_music,music,1.1,aac,44100,0,128000,aac_44100_128000,.aac,34.160983136027866,21.457268036066978,-3.0635895671533437,1024,23.219954648526077,0.00038362039342815994,0.007149459270621547,340,301056,299880,112017,aac,44100,152.06799999577925,27.77879999484867,52.17580002499744,131.7847058823529,2d4d1979d47d552283efb0c8abe9b85972ebb1e24ccc0167af8fff73e3141fe6,AAC-128,0.01409213890017484,0.6718800556334404,,True,True,True
musdb_46,public_music,music,1.1,opus,48000,0,64000,opus_48000_64000,.ogg,17.414863025476677,3.008068057011756,17.414863025476677,0,0.0,0.018134838714332618,0.5002570229788126,340,299880,299880,55217,opus,48000,97.43550000712276,100.51400004886091,68.30320000881329,64.96117647058824,bb6cd68c56baf20fb538943efcc050626e4d024c48c4ecfbe416703fd964fe5f,Opus-64,0.11077741435912272,1.3949274434256083,,False,False,False
musdb_46,public_music,music,1.1,wav,44100,16,0,wav_44100_16,.wav,77.99797477761993,63.27212966380589,77.99797477761993,0,0.0,1.5856324396330075e-08,4.7074642834977343e-07,340,299880,299880,599804,pcm_s16le,44100,10.474999959114939,36.11410001758486,44.709599984344095,705.6517647058823,93b39cccc748e725b2afcf5a6b9a67a2521735b09ff28ab49f6ccf9d0d993cdb,PCM-16,0.00014091128636756618,0.0025039972451862203,,True,True,True
musdb_47,public_music,music,1.1,mp3,44100,0,96000,mp3_44100_96000,.mp3,22.725554163634794,19.654489349656938,22.725554163634794,0,0.0,0.005338811455170357,0.010828070258107135,340,299880,299880,82486,mp3float,44100,62.173300015274435,21.591900032944977,45.0742999673821,97.04235294117646,218b6bbbefd0fdb3c3f731c6cf011b7f442dc0f53d2a56129e0ded43b4a7e4be,Global-only,0.06283925016052405,2.1165540443357957,,True,True,True
musdb_47,public_music,music,1.1,mp3,44100,0,96000,mp3_44100_96000,.mp3,22.725554163634794,19.654489349656938,22.725554163634794,0,0.0,0.005338811455170357,0.010828070258107135,340,299880,299880,82486,mp3float,44100,62.173300015274435,21.591900032944977,45.0742999673821,97.04235294117646,218b6bbbefd0fdb3c3f731c6cf011b7f442dc0f53d2a56129e0ded43b4a7e4be,Tail-constrained,0.06283925016052405,2.1165540443357957,,True,True,True
musdb_47,public_music,music,1.1,mp3,44100,0,128000,mp3_44100_128000,.mp3,24.742716790333304,22.901150379050613,24.742716790333304,0,0.0,0.003355276545255519,0.005127255529171666,340,299880,299880,109966,mp3float,44100,98.13459997531027,30.070299981161952,45.254900003783405,129.37176470588236,7b231137679465bf4cb9c90fdb0de3c983ef884edd1d7710893b65a5faefb62e,MP3-128,0.05427115192319315,1.3369889901915637,,True,True,True
musdb_47,public_music,music,1.1,aac,44100,0,128000,aac_44100_128000,.aac,27.03984779995398,20.24648791016105,-2.7117278821423345,1024,23.219954648526077,0.00197703892493018,0.009448246363071315,340,301056,299880,113535,aac,44100,170.69850000552833,36.24039998976514,55.86249998304993,133.57058823529414,f91658230440e9c4edc9149aa49ac2ec78017e1cc20530691d07ed9fe4a2ce46,AAC-128,0.032376447368282456,1.4675786933553785,,True,True,True
musdb_47,public_music,music,1.1,opus,48000,0,64000,opus_48000_64000,.ogg,17.599527982175264,14.870727588384966,17.599527982175264,0,0.0,0.01737989713844386,0.03257821170385832,340,299880,299880,55217,opus,48000,83.45890004420653,43.25970000354573,78.27800000086427,64.96117647058824,7605ab78d495d6ab1364bf6b3b20da4b3557b1e28f226b2be403caa8a97c53ee,Opus-64,0.09015579062977694,3.002158575049068,,False,False,False
musdb_47,public_music,music,1.1,wav,44100,16,0,wav_44100_16,.wav,77.40317615650764,73.91638776634235,77.40317615650764,0,0.0,1.818370530447403e-08,4.058459564791805e-08,340,299880,299880,599804,pcm_s16le,44100,13.27380002476275,69.20699996408075,48.823899996932596,705.6517647058823,5e5cce96f440c878b94b054811cdfae45388c9c45f04e9bceee2547605ef0d8e,PCM-16,0.00015167212418251,0.006593378467447833,,True,True,True
musdb_48,public_music,music,1.1,mp3,16000,0,64000,mp3_16000_64000,.mp3,21.60382182402424,14.726161899603838,21.60382182402424,0,0.0,0.006912224222769359,0.033680909470070464,340,299880,299880,55340,mp3float,16000,37.30209998320788,19.569299998693168,55.411399982403964,65.10588235294118,260c7fdb6b34360cb60d9ae13dfd58cef1943bb0ae447f98ff85e1bf5964e89d,Global-only,0.07841774844030114,2.6499010598926507,,True,False,False
musdb_48,public_music,music,1.1,mp3,44100,0,96000,mp3_44100_96000,.mp3,23.513457376167505,19.216119188470152,23.513457376167505,0,0.0,0.004453016069708822,0.0119781040447502,340,299880,299880,82486,mp3float,44100,62.78440001187846,22.64649997232482,36.47069999715313,97.04235294117646,296372db0d7055d5764ef3f813e1a990d17978542be65ffc94eab9997ceecfe7,Tail-constrained,0.05906804569414308,1.246361603159616,,True,True,True
musdb_48,public_music,music,1.1,mp3,44100,0,128000,mp3_44100_128000,.mp3,25.16720277547683,22.446719917365762,25.16720277547683,0,0.0,0.003042844244228083,0.0056928272894065865,340,299880,299880,109966,mp3float,44100,90.0320999789983,36.228900018613786,55.22680003196001,129.37176470588236,be7b213a3412e6760172cbf6ae7c4a7c566e29efd0efce2b207c6a35ad9838bf,MP3-128,0.05271725984646055,0.7519342946395152,,True,True,True
musdb_48,public_music,music,1.1,aac,44100,0,128000,aac_44100_128000,.aac,29.22442092723181,21.340007364921007,-2.4883956306426604,1024,23.219954648526077,0.001195522921808047,0.007345126225433076,340,301056,299880,111112,aac,44100,162.89870004402474,53.10499999905005,56.29470001440495,130.72,cede2a4f9545e877a04d31bea42253a040d15dc33da50e755aa0870b83f7236c,AAC-128,0.0255133649900004,0.948090765579375,,True,True,True
musdb_48,public_music,music,1.1,opus,48000,0,64000,opus_48000_64000,.ogg,17.59782647467697,13.824193056786893,17.59782647467697,0,0.0,0.017386707682959412,0.04145536032390843,340,299880,299880,55217,opus,48000,56.359600042924285,27.247200021520257,39.86879996955395,64.96117647058824,2ca777087846c5c634df13df28000e272add8628b395344cab5602a3548ffe7b,Opus-64,0.08974177970579669,1.8590083602773242,,False,False,False
musdb_48,public_music,music,1.1,wav,44100,16,0,wav_44100_16,.wav,75.76874190179264,70.50172044278494,75.76874190179264,0,0.0,2.6492674879727565e-08,8.908979420365977e-08,340,299880,299880,599804,pcm_s16le,44100,10.27339999563992,65.52480004029348,42.21120005240664,705.6517647058823,6b5680ae1922cd9844b428b0c7020938ab26c6e6c9e6659b4d5a0de62d26c57d,PCM-16,0.0001816683442942226,0.0042889746146677005,,True,True,True
musdb_49,public_music,music,1.1,mp3,16000,0,64000,mp3_16000_64000,.mp3,21.121199339537092,13.402662619551869,21.121199339537092,0,0.0,0.007724672325280581,0.045680803893466945,340,299880,299880,55340,mp3float,16000,40.45660002157092,27.60400000261143,42.93239995604381,65.10588235294118,6aad9ce62ead0b006ea2a93bdd41ca7eacd91252616d405e8ff05e260b4e7348,Global-only,0.08375911917204619,5.218020108718075,,True,False,False
musdb_49,public_music,music,1.1,mp3,44100,0,96000,mp3_44100_96000,.mp3,23.27326733962692,19.599187420083858,23.27326733962692,0,0.0,0.004706231279831572,0.010966833701795482,340,299880,299880,82486,mp3float,44100,92.87739999126643,32.54320000996813,56.350399972870946,97.04235294117646,ac059a23f3ae5d994e264e9abb582b28e6434db8bb60253e9aa3e9a881664d59,Tail-constrained,0.06009331603620094,1.9532247196760057,,True,True,True
musdb_49,public_music,music,1.1,mp3,44100,0,128000,mp3_44100_128000,.mp3,24.845945766245627,22.428383781078686,24.845945766245627,0,0.0,0.003276464172373331,0.005716913509728745,340,299880,299880,109966,mp3float,44100,120.61779998475686,42.79879998648539,78.31290003377944,129.37176470588236,7e1ae5d0467a1f52c24979a0fbca1227c4dcca6263752e3d10b7df28d622d767,MP3-128,0.053938528237639054,1.244251192632934,,True,True,True
musdb_49,public_music,music,1.1,aac,44100,0,128000,aac_44100_128000,.aac,28.875102907282297,19.941355128629723,-3.1622913194223345,1024,23.219954648526077,0.0012956559962250145,0.010135950644236356,340,301056,299880,110676,aac,44100,134.97740001184866,33.80769997602329,64.975899993442,130.2070588235294,8cb7772bee93a5b8c1a5d7a891232ad719b3053069919fbc5357e4a490653f2c,AAC-128,0.025763931775073797,1.5324910465938282,,True,True,True
musdb_49,public_music,music,1.1,opus,48000,0,64000,opus_48000_64000,.ogg,19.057572763731933,15.084491825675272,19.057572763731933,0,0.0,0.012423464508489593,0.03101350260831491,340,299880,299880,55217,opus,48000,62.97460000496358,37.085199961438775,55.067599983885884,64.96117647058824,9592a303c16cfe8ef841655f34be1d9caa1d012dba43607a6bb95573008aa1c4,Opus-64,0.07668098398143572,2.7265960574357573,,False,True,False
musdb_49,public_music,music,1.1,wav,44100,16,0,wav_44100_16,.wav,78.64566331011297,74.83608009830985,78.64566331011297,0,0.0,1.365946434937001e-08,3.283915625648002e-08,340,299880,299880,599804,pcm_s16le,44100,14.794199960306287,38.08349999599159,41.847200016491115,705.6517647058823,5a1eefe512ae06994f29880e345efb09200e7c292d19a6f52af185e2dc00dda4,PCM-16,0.00013140397274939857,0.009028396501613398,,True,True,True
