source_id,group,global_db,tail_db,config,bytes,snr_db,tail_snr_db
supplied_speech,supplied_speech,15,10,aac_48000_96000,34115,29.99710518214727,15.166885563524577
supplied_speech,supplied_speech,15,15,aac_48000_96000,34115,29.99710518214727,15.166885563524577
supplied_speech,supplied_speech,15,20,aac_32000_128000,44602,45.41104102621779,31.21036244816173
supplied_speech,supplied_speech,20,10,aac_48000_96000,34115,29.99710518214727,15.166885563524577
supplied_speech,supplied_speech,20,15,aac_48000_96000,34115,29.99710518214727,15.166885563524577
supplied_speech,supplied_speech,20,20,aac_32000_128000,44602,45.41104102621779,31.21036244816173
supplied_speech,supplied_speech,25,10,aac_48000_96000,34115,29.99710518214727,15.166885563524577
supplied_speech,supplied_speech,25,15,aac_48000_96000,34115,29.99710518214727,15.166885563524577
supplied_speech,supplied_speech,25,20,aac_32000_128000,44602,45.41104102621779,31.21036244816173
supplied_speech,supplied_speech,30,10,aac_32000_96000,35257,32.02204894491463,17.943165277197995
supplied_speech,supplied_speech,30,15,aac_32000_96000,35257,32.02204894491463,17.943165277197995
supplied_speech,supplied_speech,30,20,aac_32000_128000,44602,45.41104102621779,31.21036244816173
supplied_music,supplied_music,15,10,mp3_48000_32000,40364,22.67855303054969,13.139487139272196
supplied_music,supplied_music,15,15,mp3_32000_64000,80684,24.262114354735587,15.416157496032355
supplied_music,supplied_music,15,20,aac_48000_128000,169340,38.39900975175919,22.22149476870905
supplied_music,supplied_music,20,10,mp3_48000_32000,40364,22.67855303054969,13.139487139272196
supplied_music,supplied_music,20,15,mp3_32000_64000,80684,24.262114354735587,15.416157496032355
supplied_music,supplied_music,20,20,aac_48000_128000,169340,38.39900975175919,22.22149476870905
supplied_music,supplied_music,25,10,aac_8000_32000,41202,25.986655919501416,13.119521142041567
supplied_music,supplied_music,25,15,opus_48000_96000,121165,28.82558938564626,18.345798841013146
supplied_music,supplied_music,25,20,aac_48000_128000,169340,38.39900975175919,22.22149476870905
supplied_music,supplied_music,30,10,aac_48000_128000,169340,38.39900975175919,22.22149476870905
supplied_music,supplied_music,30,15,aac_48000_128000,169340,38.39900975175919,22.22149476870905
supplied_music,supplied_music,30,20,aac_48000_128000,169340,38.39900975175919,22.22149476870905
libri_84-121123-0002,public_speech,15,10,mp3_16000_64000,49004,24.660325828137132,10.099606277163097
libri_84-121123-0002,public_speech,15,15,aac_16000_64000,52064,38.84804097188674,18.318053121371094
libri_84-121123-0002,public_speech,15,20,wav_16000_16,192044,120.0,120.0
libri_84-121123-0002,public_speech,20,10,mp3_16000_64000,49004,24.660325828137132,10.099606277163097
libri_84-121123-0002,public_speech,20,15,aac_16000_64000,52064,38.84804097188674,18.318053121371094
libri_84-121123-0002,public_speech,20,20,wav_16000_16,192044,120.0,120.0
libri_84-121123-0002,public_speech,25,10,aac_16000_64000,52064,38.84804097188674,18.318053121371094
libri_84-121123-0002,public_speech,25,15,aac_16000_64000,52064,38.84804097188674,18.318053121371094
libri_84-121123-0002,public_speech,25,20,wav_16000_16,192044,120.0,120.0
libri_84-121123-0002,public_speech,30,10,aac_16000_64000,52064,38.84804097188674,18.318053121371094
libri_84-121123-0002,public_speech,30,15,aac_16000_64000,52064,38.84804097188674,18.318053121371094
libri_84-121123-0002,public_speech,30,20,wav_16000_16,192044,120.0,120.0
libri_174-168635-0002,public_speech,15,10,mp3_16000_64000,49004,24.40173303105567,13.821219840865187
libri_174-168635-0002,public_speech,15,15,aac_16000_128000,53062,37.083473570107444,18.87011334217446
libri_174-168635-0002,public_speech,15,20,wav_16000_16,192044,120.0,120.0
libri_174-168635-0002,public_speech,20,10,mp3_16000_64000,49004,24.40173303105567,13.821219840865187
libri_174-168635-0002,public_speech,20,15,aac_16000_128000,53062,37.083473570107444,18.87011334217446
libri_174-168635-0002,public_speech,20,20,wav_16000_16,192044,120.0,120.0
libri_174-168635-0002,public_speech,25,10,aac_16000_64000,50540,31.824051727222816,10.52606698389646
libri_174-168635-0002,public_speech,25,15,aac_16000_128000,53062,37.083473570107444,18.87011334217446
libri_174-168635-0002,public_speech,25,20,wav_16000_16,192044,120.0,120.0
libri_174-168635-0002,public_speech,30,10,aac_16000_64000,50540,31.824051727222816,10.52606698389646
libri_174-168635-0002,public_speech,30,15,aac_16000_128000,53062,37.083473570107444,18.87011334217446
libri_174-168635-0002,public_speech,30,20,wav_16000_16,192044,120.0,120.0
libri_251-118436-0000,public_speech,15,10,opus_48000_64000,48777,21.4568353673237,11.145007806915345
libri_251-118436-0000,public_speech,15,15,aac_16000_64000,48903,35.231239735356944,17.61060928597544
libri_251-118436-0000,public_speech,15,20,wav_16000_16,192044,120.0,120.0
libri_251-118436-0000,public_speech,20,10,opus_48000_64000,48777,21.4568353673237,11.145007806915345
libri_251-118436-0000,public_speech,20,15,aac_16000_64000,48903,35.231239735356944,17.61060928597544
libri_251-118436-0000,public_speech,20,20,wav_16000_16,192044,120.0,120.0
libri_251-118436-0000,public_speech,25,10,aac_16000_64000,48903,35.231239735356944,17.61060928597544
libri_251-118436-0000,public_speech,25,15,aac_16000_64000,48903,35.231239735356944,17.61060928597544
libri_251-118436-0000,public_speech,25,20,wav_16000_16,192044,120.0,120.0
libri_251-118436-0000,public_speech,30,10,aac_16000_64000,48903,35.231239735356944,17.61060928597544
libri_251-118436-0000,public_speech,30,15,aac_16000_64000,48903,35.231239735356944,17.61060928597544
libri_251-118436-0000,public_speech,30,20,wav_16000_16,192044,120.0,120.0
libri_422-122949-0000,public_speech,15,10,mp3_16000_64000,49004,24.754267124244656,18.02252082309377
libri_422-122949-0000,public_speech,15,15,mp3_16000_64000,49004,24.754267124244656,18.02252082309377
libri_422-122949-0000,public_speech,15,20,mp3_16000_96000,73484,25.47537251022918,21.127648670795192
libri_422-122949-0000,public_speech,20,10,mp3_16000_64000,49004,24.754267124244656,18.02252082309377
libri_422-122949-0000,public_speech,20,15,mp3_16000_64000,49004,24.754267124244656,18.02252082309377
libri_422-122949-0000,public_speech,20,20,mp3_16000_96000,73484,25.47537251022918,21.127648670795192
libri_422-122949-0000,public_speech,25,10,aac_16000_64000,54691,28.87579298129216,14.301554642003161
libri_422-122949-0000,public_speech,25,15,aac_16000_128000,58725,33.49473674781177,17.303728985604184
libri_422-122949-0000,public_speech,25,20,mp3_16000_96000,73484,25.47537251022918,21.127648670795192
libri_422-122949-0000,public_speech,30,10,aac_16000_128000,58725,33.49473674781177,17.303728985604184
libri_422-122949-0000,public_speech,30,15,aac_16000_128000,58725,33.49473674781177,17.303728985604184
libri_422-122949-0000,public_speech,30,20,wav_16000_16,192044,120.0,120.0
libri_652-129742-0000,public_speech,15,10,mp3_16000_64000,49004,19.70758689289896,14.416706952052841
libri_652-129742-0000,public_speech,15,15,aac_16000_64000,50778,25.641026954925906,16.62247953428653
libri_652-129742-0000,public_speech,15,20,aac_16000_128000,53520,32.51497476370561,22.995455194534514
libri_652-129742-0000,public_speech,20,10,aac_16000_64000,50778,25.641026954925906,16.62247953428653
libri_652-129742-0000,public_speech,20,15,aac_16000_64000,50778,25.641026954925906,16.62247953428653
libri_652-129742-0000,public_speech,20,20,aac_16000_128000,53520,32.51497476370561,22.995455194534514
libri_652-129742-0000,public_speech,25,10,aac_16000_64000,50778,25.641026954925906,16.62247953428653
libri_652-129742-0000,public_speech,25,15,aac_16000_64000,50778,25.641026954925906,16.62247953428653
libri_652-129742-0000,public_speech,25,20,aac_16000_128000,53520,32.51497476370561,22.995455194534514
libri_652-129742-0000,public_speech,30,10,aac_16000_128000,53520,32.51497476370561,22.995455194534514
libri_652-129742-0000,public_speech,30,15,aac_16000_128000,53520,32.51497476370561,22.995455194534514
libri_652-129742-0000,public_speech,30,20,aac_16000_128000,53520,32.51497476370561,22.995455194534514
libri_777-126732-0003,public_speech,15,10,opus_48000_64000,48777,21.03353214355556,10.63321009132978
libri_777-126732-0003,public_speech,15,15,mp3_16000_64000,49004,25.484640554009864,19.74612620208918
libri_777-126732-0003,public_speech,15,20,mp3_16000_96000,73484,25.965409058813368,25.082015234048967
libri_777-126732-0003,public_speech,20,10,opus_48000_64000,48777,21.03353214355556,10.63321009132978
libri_777-126732-0003,public_speech,20,15,mp3_16000_64000,49004,25.484640554009864,19.74612620208918
libri_777-126732-0003,public_speech,20,20,mp3_16000_96000,73484,25.965409058813368,25.082015234048967
libri_777-126732-0003,public_speech,25,10,mp3_16000_64000,49004,25.484640554009864,19.74612620208918
libri_777-126732-0003,public_speech,25,15,mp3_16000_64000,49004,25.484640554009864,19.74612620208918
libri_777-126732-0003,public_speech,25,20,mp3_16000_96000,73484,25.965409058813368,25.082015234048967
libri_777-126732-0003,public_speech,30,10,aac_16000_64000,49782,37.76174593438029,17.859145220187077
libri_777-126732-0003,public_speech,30,15,aac_16000_64000,49782,37.76174593438029,17.859145220187077
libri_777-126732-0003,public_speech,30,20,wav_16000_16,192044,120.0,120.0
libri_1272-128104-0002,public_speech,15,10,aac_16000_64000,52867,27.398717018551217,16.363754401846705
libri_1272-128104-0002,public_speech,15,15,aac_16000_64000,52867,27.398717018551217,16.363754401846705
libri_1272-128104-0002,public_speech,15,20,wav_16000_16,192044,120.0,120.0
libri_1272-128104-0002,public_speech,20,10,aac_16000_64000,52867,27.398717018551217,16.363754401846705
libri_1272-128104-0002,public_speech,20,15,aac_16000_64000,52867,27.398717018551217,16.363754401846705
libri_1272-128104-0002,public_speech,20,20,wav_16000_16,192044,120.0,120.0
libri_1272-128104-0002,public_speech,25,10,aac_16000_64000,52867,27.398717018551217,16.363754401846705
libri_1272-128104-0002,public_speech,25,15,aac_16000_64000,52867,27.398717018551217,16.363754401846705
libri_1272-128104-0002,public_speech,25,20,wav_16000_16,192044,120.0,120.0
libri_1272-128104-0002,public_speech,30,10,aac_16000_128000,57796,31.09037316492001,18.204915017697246
libri_1272-128104-0002,public_speech,30,15,aac_16000_128000,57796,31.09037316492001,18.204915017697246
libri_1272-128104-0002,public_speech,30,20,wav_16000_16,192044,120.0,120.0
libri_1462-170138-0000,public_speech,15,10,aac_16000_64000,48606,41.88932449264978,19.141633205392083
libri_1462-170138-0000,public_speech,15,15,aac_16000_64000,48606,41.88932449264978,19.141633205392083
libri_1462-170138-0000,public_speech,15,20,aac_16000_128000,49403,44.74844273273444,20.215013810717394
libri_1462-170138-0000,public_speech,20,10,aac_16000_64000,48606,41.88932449264978,19.141633205392083
libri_1462-170138-0000,public_speech,20,15,aac_16000_64000,48606,41.88932449264978,19.141633205392083
libri_1462-170138-0000,public_speech,20,20,aac_16000_128000,49403,44.74844273273444,20.215013810717394
libri_1462-170138-0000,public_speech,25,10,aac_16000_64000,48606,41.88932449264978,19.141633205392083
libri_1462-170138-0000,public_speech,25,15,aac_16000_64000,48606,41.88932449264978,19.141633205392083
libri_1462-170138-0000,public_speech,25,20,aac_16000_128000,49403,44.74844273273444,20.215013810717394
libri_1462-170138-0000,public_speech,30,10,aac_16000_64000,48606,41.88932449264978,19.141633205392083
libri_1462-170138-0000,public_speech,30,15,aac_16000_64000,48606,41.88932449264978,19.141633205392083
libri_1462-170138-0000,public_speech,30,20,aac_16000_128000,49403,44.74844273273444,20.215013810717394
libri_1673-143396-0000,public_speech,15,10,mp3_16000_64000,49004,25.12040337620967,10.070846586878075
libri_1673-143396-0000,public_speech,15,15,aac_16000_64000,54508,33.90336263886153,17.519952861944976
libri_1673-143396-0000,public_speech,15,20,wav_16000_16,192044,120.0,120.0
libri_1673-143396-0000,public_speech,20,10,mp3_16000_64000,49004,25.12040337620967,10.070846586878075
libri_1673-143396-0000,public_speech,20,15,aac_16000_64000,54508,33.90336263886153,17.519952861944976
libri_1673-143396-0000,public_speech,20,20,wav_16000_16,192044,120.0,120.0
libri_1673-143396-0000,public_speech,25,10,mp3_16000_64000,49004,25.12040337620967,10.070846586878075
libri_1673-143396-0000,public_speech,25,15,aac_16000_64000,54508,33.90336263886153,17.519952861944976
libri_1673-143396-0000,public_speech,25,20,wav_16000_16,192044,120.0,120.0
libri_1673-143396-0000,public_speech,30,10,aac_16000_64000,54508,33.90336263886153,17.519952861944976
libri_1673-143396-0000,public_speech,30,15,aac_16000_64000,54508,33.90336263886153,17.519952861944976
libri_1673-143396-0000,public_speech,30,20,wav_16000_16,192044,120.0,120.0
libri_1919-142785-0001,public_speech,15,10,aac_16000_128000,56557,32.24366160052358,11.717105761975608
libri_1919-142785-0001,public_speech,15,15,wav_16000_16,192044,120.0,120.0
libri_1919-142785-0001,public_speech,15,20,wav_16000_16,192044,120.0,120.0
libri_1919-142785-0001,public_speech,20,10,aac_16000_128000,56557,32.24366160052358,11.717105761975608
libri_1919-142785-0001,public_speech,20,15,wav_16000_16,192044,120.0,120.0
libri_1919-142785-0001,public_speech,20,20,wav_16000_16,192044,120.0,120.0
libri_1919-142785-0001,public_speech,25,10,aac_16000_128000,56557,32.24366160052358,11.717105761975608
libri_1919-142785-0001,public_speech,25,15,wav_16000_16,192044,120.0,120.0
libri_1919-142785-0001,public_speech,25,20,wav_16000_16,192044,120.0,120.0
libri_1919-142785-0001,public_speech,30,10,aac_16000_128000,56557,32.24366160052358,11.717105761975608
libri_1919-142785-0001,public_speech,30,15,wav_16000_16,192044,120.0,120.0
libri_1919-142785-0001,public_speech,30,20,wav_16000_16,192044,120.0,120.0
libri_1988-147956-0000,public_speech,15,10,mp3_16000_32000,24560,20.23727574146252,11.129518328973397
libri_1988-147956-0000,public_speech,15,15,mp3_16000_64000,49004,25.4880132529833,19.773355705465395
libri_1988-147956-0000,public_speech,15,20,aac_16000_64000,50637,32.615148251959795,21.350745934878045
libri_1988-147956-0000,public_speech,20,10,mp3_16000_32000,24560,20.23727574146252,11.129518328973397
libri_1988-147956-0000,public_speech,20,15,mp3_16000_64000,49004,25.4880132529833,19.773355705465395
libri_1988-147956-0000,public_speech,20,20,aac_16000_64000,50637,32.615148251959795,21.350745934878045
libri_1988-147956-0000,public_speech,25,10,aac_8000_128000,29191,27.324763626222307,10.241458529239328
libri_1988-147956-0000,public_speech,25,15,mp3_16000_64000,49004,25.4880132529833,19.773355705465395
libri_1988-147956-0000,public_speech,25,20,aac_16000_64000,50637,32.615148251959795,21.350745934878045
libri_1988-147956-0000,public_speech,30,10,aac_16000_64000,50637,32.615148251959795,21.350745934878045
libri_1988-147956-0000,public_speech,30,15,aac_16000_64000,50637,32.615148251959795,21.350745934878045
libri_1988-147956-0000,public_speech,30,20,aac_16000_64000,50637,32.615148251959795,21.350745934878045
libri_1993-147149-0000,public_speech,15,10,aac_16000_64000,44312,30.88927242954808,12.379515066029835
libri_1993-147149-0000,public_speech,15,15,wav_16000_16,192044,120.0,120.0
libri_1993-147149-0000,public_speech,15,20,wav_16000_16,192044,120.0,120.0
libri_1993-147149-0000,public_speech,20,10,aac_16000_64000,44312,30.88927242954808,12.379515066029835
libri_1993-147149-0000,public_speech,20,15,wav_16000_16,192044,120.0,120.0
libri_1993-147149-0000,public_speech,20,20,wav_16000_16,192044,120.0,120.0
libri_1993-147149-0000,public_speech,25,10,aac_16000_64000,44312,30.88927242954808,12.379515066029835
libri_1993-147149-0000,public_speech,25,15,wav_16000_16,192044,120.0,120.0
libri_1993-147149-0000,public_speech,25,20,wav_16000_16,192044,120.0,120.0
libri_1993-147149-0000,public_speech,30,10,aac_16000_64000,44312,30.88927242954808,12.379515066029835
libri_1993-147149-0000,public_speech,30,15,wav_16000_16,192044,120.0,120.0
libri_1993-147149-0000,public_speech,30,20,wav_16000_16,192044,120.0,120.0
libri_2035-147960-0000,public_speech,15,10,opus_48000_64000,48777,23.234905894170133,10.482584101085866
libri_2035-147960-0000,public_speech,15,15,aac_16000_64000,52254,34.353067564955985,16.252256919285713
libri_2035-147960-0000,public_speech,15,20,wav_16000_16,192044,120.0,120.0
libri_2035-147960-0000,public_speech,20,10,opus_48000_64000,48777,23.234905894170133,10.482584101085866
libri_2035-147960-0000,public_speech,20,15,aac_16000_64000,52254,34.353067564955985,16.252256919285713
libri_2035-147960-0000,public_speech,20,20,wav_16000_16,192044,120.0,120.0
libri_2035-147960-0000,public_speech,25,10,aac_16000_64000,52254,34.353067564955985,16.252256919285713
libri_2035-147960-0000,public_speech,25,15,aac_16000_64000,52254,34.353067564955985,16.252256919285713
libri_2035-147960-0000,public_speech,25,20,wav_16000_16,192044,120.0,120.0
libri_2035-147960-0000,public_speech,30,10,aac_16000_64000,52254,34.353067564955985,16.252256919285713
libri_2035-147960-0000,public_speech,30,15,aac_16000_64000,52254,34.353067564955985,16.252256919285713
libri_2035-147960-0000,public_speech,30,20,wav_16000_16,192044,120.0,120.0
libri_2078-142845-0004,public_speech,15,10,opus_48000_64000,48777,22.38866632116459,10.753375265423138
libri_2078-142845-0004,public_speech,15,15,aac_16000_64000,52460,38.600110017938455,21.101441275279555
libri_2078-142845-0004,public_speech,15,20,aac_16000_64000,52460,38.600110017938455,21.101441275279555
libri_2078-142845-0004,public_speech,20,10,opus_48000_64000,48777,22.38866632116459,10.753375265423138
libri_2078-142845-0004,public_speech,20,15,aac_16000_64000,52460,38.600110017938455,21.101441275279555
libri_2078-142845-0004,public_speech,20,20,aac_16000_64000,52460,38.600110017938455,21.101441275279555
libri_2078-142845-0004,public_speech,25,10,mp3_16000_64000,49004,25.330249352328707,14.940979409687236
libri_2078-142845-0004,public_speech,25,15,aac_16000_64000,52460,38.600110017938455,21.101441275279555
libri_2078-142845-0004,public_speech,25,20,aac_16000_64000,52460,38.600110017938455,21.101441275279555
libri_2078-142845-0004,public_speech,30,10,aac_16000_64000,52460,38.600110017938455,21.101441275279555
libri_2078-142845-0004,public_speech,30,15,aac_16000_64000,52460,38.600110017938455,21.101441275279555
libri_2078-142845-0004,public_speech,30,20,aac_16000_64000,52460,38.600110017938455,21.101441275279555
libri_2086-149214-0000,public_speech,15,10,opus_48000_64000,48777,20.478431363917156,10.924255822498342
libri_2086-149214-0000,public_speech,15,15,mp3_16000_64000,49004,25.44864575523023,18.89620901844527
libri_2086-149214-0000,public_speech,15,20,aac_16000_64000,54295,40.6098971111885,21.4243789822274
libri_2086-149214-0000,public_speech,20,10,opus_48000_64000,48777,20.478431363917156,10.924255822498342
libri_2086-149214-0000,public_speech,20,15,mp3_16000_64000,49004,25.44864575523023,18.89620901844527
libri_2086-149214-0000,public_speech,20,20,aac_16000_64000,54295,40.6098971111885,21.4243789822274
libri_2086-149214-0000,public_speech,25,10,mp3_16000_64000,49004,25.44864575523023,18.89620901844527
libri_2086-149214-0000,public_speech,25,15,mp3_16000_64000,49004,25.44864575523023,18.89620901844527
libri_2086-149214-0000,public_speech,25,20,aac_16000_64000,54295,40.6098971111885,21.4243789822274
libri_2086-149214-0000,public_speech,30,10,aac_16000_64000,54295,40.6098971111885,21.4243789822274
libri_2086-149214-0000,public_speech,30,15,aac_16000_64000,54295,40.6098971111885,21.4243789822274
libri_2086-149214-0000,public_speech,30,20,aac_16000_64000,54295,40.6098971111885,21.4243789822274
libri_2277-149874-0000,public_speech,15,10,opus_48000_64000,48777,21.400699977023375,11.19388745021174
libri_2277-149874-0000,public_speech,15,15,aac_16000_64000,53113,32.587375647630374,19.389408830353553
libri_2277-149874-0000,public_speech,15,20,wav_16000_16,192044,120.0,120.0
libri_2277-149874-0000,public_speech,20,10,opus_48000_64000,48777,21.400699977023375,11.19388745021174
libri_2277-149874-0000,public_speech,20,15,aac_16000_64000,53113,32.587375647630374,19.389408830353553
libri_2277-149874-0000,public_speech,20,20,wav_16000_16,192044,120.0,120.0
libri_2277-149874-0000,public_speech,25,10,aac_16000_64000,53113,32.587375647630374,19.389408830353553
libri_2277-149874-0000,public_speech,25,15,aac_16000_64000,53113,32.587375647630374,19.389408830353553
libri_2277-149874-0000,public_speech,25,20,wav_16000_16,192044,120.0,120.0
libri_2277-149874-0000,public_speech,30,10,aac_16000_64000,53113,32.587375647630374,19.389408830353553
libri_2277-149874-0000,public_speech,30,15,aac_16000_64000,53113,32.587375647630374,19.389408830353553
libri_2277-149874-0000,public_speech,30,20,wav_16000_16,192044,120.0,120.0
libri_2412-153947-0002,public_speech,15,10,opus_48000_64000,48777,20.934470825461474,10.514684937056185
libri_2412-153947-0002,public_speech,15,15,aac_16000_64000,51999,34.09335341380334,17.25825345318332
libri_2412-153947-0002,public_speech,15,20,wav_16000_16,192044,120.0,120.0
libri_2412-153947-0002,public_speech,20,10,opus_48000_64000,48777,20.934470825461474,10.514684937056185
libri_2412-153947-0002,public_speech,20,15,aac_16000_64000,51999,34.09335341380334,17.25825345318332
libri_2412-153947-0002,public_speech,20,20,wav_16000_16,192044,120.0,120.0
libri_2412-153947-0002,public_speech,25,10,mp3_16000_64000,49004,25.128388591536126,11.524324880573404
libri_2412-153947-0002,public_speech,25,15,aac_16000_64000,51999,34.09335341380334,17.25825345318332
libri_2412-153947-0002,public_speech,25,20,wav_16000_16,192044,120.0,120.0
libri_2412-153947-0002,public_speech,30,10,aac_16000_64000,51999,34.09335341380334,17.25825345318332
libri_2412-153947-0002,public_speech,30,15,aac_16000_64000,51999,34.09335341380334,17.25825345318332
libri_2412-153947-0002,public_speech,30,20,wav_16000_16,192044,120.0,120.0
libri_2428-83699-0000,public_speech,15,10,mp3_16000_64000,49004,24.115002945173938,10.370575554515426
libri_2428-83699-0000,public_speech,15,15,aac_16000_64000,52314,33.996452352982175,17.110915798634146
libri_2428-83699-0000,public_speech,15,20,wav_16000_16,192044,120.0,120.0
libri_2428-83699-0000,public_speech,20,10,mp3_16000_64000,49004,24.115002945173938,10.370575554515426
libri_2428-83699-0000,public_speech,20,15,aac_16000_64000,52314,33.996452352982175,17.110915798634146
libri_2428-83699-0000,public_speech,20,20,wav_16000_16,192044,120.0,120.0
libri_2428-83699-0000,public_speech,25,10,aac_16000_64000,52314,33.996452352982175,17.110915798634146
libri_2428-83699-0000,public_speech,25,15,aac_16000_64000,52314,33.996452352982175,17.110915798634146
libri_2428-83699-0000,public_speech,25,20,wav_16000_16,192044,120.0,120.0
libri_2428-83699-0000,public_speech,30,10,aac_16000_64000,52314,33.996452352982175,17.110915798634146
libri_2428-83699-0000,public_speech,30,15,aac_16000_64000,52314,33.996452352982175,17.110915798634146
libri_2428-83699-0000,public_speech,30,20,wav_16000_16,192044,120.0,120.0
libri_2803-154320-0000,public_speech,15,10,mp3_16000_32000,24560,20.83057588528583,12.340713594715853
libri_2803-154320-0000,public_speech,15,15,mp3_16000_64000,49004,25.687807376251914,19.78481877354458
libri_2803-154320-0000,public_speech,15,20,aac_16000_64000,50589,42.243086291986984,20.908141407368618
libri_2803-154320-0000,public_speech,20,10,mp3_16000_32000,24560,20.83057588528583,12.340713594715853
libri_2803-154320-0000,public_speech,20,15,mp3_16000_64000,49004,25.687807376251914,19.78481877354458
libri_2803-154320-0000,public_speech,20,20,aac_16000_64000,50589,42.243086291986984,20.908141407368618
libri_2803-154320-0000,public_speech,25,10,aac_8000_32000,26640,29.987728073657397,13.583631861016457
libri_2803-154320-0000,public_speech,25,15,mp3_16000_64000,49004,25.687807376251914,19.78481877354458
libri_2803-154320-0000,public_speech,25,20,aac_16000_64000,50589,42.243086291986984,20.908141407368618
libri_2803-154320-0000,public_speech,30,10,aac_8000_128000,28471,33.13896833140018,13.992168732006174
libri_2803-154320-0000,public_speech,30,15,aac_16000_64000,50589,42.243086291986984,20.908141407368618
libri_2803-154320-0000,public_speech,30,20,aac_16000_64000,50589,42.243086291986984,20.908141407368618
libri_2902-9006-0001,public_speech,15,10,aac_16000_64000,50824,32.43655725971716,17.513665634374917
libri_2902-9006-0001,public_speech,15,15,aac_16000_64000,50824,32.43655725971716,17.513665634374917
libri_2902-9006-0001,public_speech,15,20,wav_16000_16,192044,120.0,120.0
libri_2902-9006-0001,public_speech,20,10,aac_16000_64000,50824,32.43655725971716,17.513665634374917
libri_2902-9006-0001,public_speech,20,15,aac_16000_64000,50824,32.43655725971716,17.513665634374917
libri_2902-9006-0001,public_speech,20,20,wav_16000_16,192044,120.0,120.0
libri_2902-9006-0001,public_speech,25,10,aac_16000_64000,50824,32.43655725971716,17.513665634374917
libri_2902-9006-0001,public_speech,25,15,aac_16000_64000,50824,32.43655725971716,17.513665634374917
libri_2902-9006-0001,public_speech,25,20,wav_16000_16,192044,120.0,120.0
libri_2902-9006-0001,public_speech,30,10,aac_16000_64000,50824,32.43655725971716,17.513665634374917
libri_2902-9006-0001,public_speech,30,15,aac_16000_64000,50824,32.43655725971716,17.513665634374917
libri_2902-9006-0001,public_speech,30,20,wav_16000_16,192044,120.0,120.0
libri_3000-15664-0001,public_speech,15,10,opus_48000_64000,48777,20.949727175998145,11.119454848499393
libri_3000-15664-0001,public_speech,15,15,aac_16000_64000,52186,35.09742722025024,20.549852491382715
libri_3000-15664-0001,public_speech,15,20,aac_16000_64000,52186,35.09742722025024,20.549852491382715
libri_3000-15664-0001,public_speech,20,10,opus_48000_64000,48777,20.949727175998145,11.119454848499393
libri_3000-15664-0001,public_speech,20,15,aac_16000_64000,52186,35.09742722025024,20.549852491382715
libri_3000-15664-0001,public_speech,20,20,aac_16000_64000,52186,35.09742722025024,20.549852491382715
libri_3000-15664-0001,public_speech,25,10,mp3_16000_64000,49004,25.1679600669468,13.485942543879082
libri_3000-15664-0001,public_speech,25,15,aac_16000_64000,52186,35.09742722025024,20.549852491382715
libri_3000-15664-0001,public_speech,25,20,aac_16000_64000,52186,35.09742722025024,20.549852491382715
libri_3000-15664-0001,public_speech,30,10,aac_16000_64000,52186,35.09742722025024,20.549852491382715
libri_3000-15664-0001,public_speech,30,15,aac_16000_64000,52186,35.09742722025024,20.549852491382715
libri_3000-15664-0001,public_speech,30,20,aac_16000_64000,52186,35.09742722025024,20.549852491382715
libri_3081-166546-0000,public_speech,15,10,aac_16000_64000,50994,32.39109524701201,13.426642151392866
libri_3081-166546-0000,public_speech,15,15,wav_16000_16,192044,120.0,120.0
libri_3081-166546-0000,public_speech,15,20,wav_16000_16,192044,120.0,120.0
libri_3081-166546-0000,public_speech,20,10,aac_16000_64000,50994,32.39109524701201,13.426642151392866
libri_3081-166546-0000,public_speech,20,15,wav_16000_16,192044,120.0,120.0
libri_3081-166546-0000,public_speech,20,20,wav_16000_16,192044,120.0,120.0
libri_3081-166546-0000,public_speech,25,10,aac_16000_64000,50994,32.39109524701201,13.426642151392866
libri_3081-166546-0000,public_speech,25,15,wav_16000_16,192044,120.0,120.0
libri_3081-166546-0000,public_speech,25,20,wav_16000_16,192044,120.0,120.0
libri_3081-166546-0000,public_speech,30,10,aac_16000_64000,50994,32.39109524701201,13.426642151392866
libri_3081-166546-0000,public_speech,30,15,wav_16000_16,192044,120.0,120.0
libri_3081-166546-0000,public_speech,30,20,wav_16000_16,192044,120.0,120.0
libri_3170-137482-0000,public_speech,15,10,mp3_16000_64000,49004,25.460707560395303,18.14394479448804
libri_3170-137482-0000,public_speech,15,15,mp3_16000_64000,49004,25.460707560395303,18.14394479448804
libri_3170-137482-0000,public_speech,15,20,mp3_16000_96000,73484,25.981071095626813,24.129737177583714
libri_3170-137482-0000,public_speech,20,10,mp3_16000_64000,49004,25.460707560395303,18.14394479448804
libri_3170-137482-0000,public_speech,20,15,mp3_16000_64000,49004,25.460707560395303,18.14394479448804
libri_3170-137482-0000,public_speech,20,20,mp3_16000_96000,73484,25.981071095626813,24.129737177583714
libri_3170-137482-0000,public_speech,25,10,mp3_16000_64000,49004,25.460707560395303,18.14394479448804
libri_3170-137482-0000,public_speech,25,15,mp3_16000_64000,49004,25.460707560395303,18.14394479448804
libri_3170-137482-0000,public_speech,25,20,mp3_16000_96000,73484,25.981071095626813,24.129737177583714
libri_3170-137482-0000,public_speech,30,10,aac_16000_64000,54059,35.80146772870688,18.03092356748977
libri_3170-137482-0000,public_speech,30,15,aac_16000_64000,54059,35.80146772870688,18.03092356748977
libri_3170-137482-0000,public_speech,30,20,wav_16000_16,192044,120.0,120.0
libri_3536-23268-0000,public_speech,15,10,aac_16000_64000,54022,30.890858724870558,17.091114666463543
libri_3536-23268-0000,public_speech,15,15,aac_16000_64000,54022,30.890858724870558,17.091114666463543
libri_3536-23268-0000,public_speech,15,20,wav_16000_16,192044,120.0,120.0
libri_3536-23268-0000,public_speech,20,10,aac_16000_64000,54022,30.890858724870558,17.091114666463543
libri_3536-23268-0000,public_speech,20,15,aac_16000_64000,54022,30.890858724870558,17.091114666463543
libri_3536-23268-0000,public_speech,20,20,wav_16000_16,192044,120.0,120.0
libri_3536-23268-0000,public_speech,25,10,aac_16000_64000,54022,30.890858724870558,17.091114666463543
libri_3536-23268-0000,public_speech,25,15,aac_16000_64000,54022,30.890858724870558,17.091114666463543
libri_3536-23268-0000,public_speech,25,20,wav_16000_16,192044,120.0,120.0
libri_3536-23268-0000,public_speech,30,10,aac_16000_64000,54022,30.890858724870558,17.091114666463543
libri_3536-23268-0000,public_speech,30,15,aac_16000_64000,54022,30.890858724870558,17.091114666463543
libri_3536-23268-0000,public_speech,30,20,wav_16000_16,192044,120.0,120.0
libri_3576-138058-0000,public_speech,15,10,opus_48000_64000,48777,20.26848388849359,10.231853405680454
libri_3576-138058-0000,public_speech,15,15,aac_16000_128000,57940,34.81504289512187,18.006045077883087
libri_3576-138058-0000,public_speech,15,20,wav_16000_16,192044,120.0,120.0
libri_3576-138058-0000,public_speech,20,10,opus_48000_64000,48777,20.26848388849359,10.231853405680454
libri_3576-138058-0000,public_speech,20,15,aac_16000_128000,57940,34.81504289512187,18.006045077883087
libri_3576-138058-0000,public_speech,20,20,wav_16000_16,192044,120.0,120.0
libri_3576-138058-0000,public_speech,25,10,aac_16000_64000,54007,28.584744564755194,13.996167524476988
libri_3576-138058-0000,public_speech,25,15,aac_16000_128000,57940,34.81504289512187,18.006045077883087
libri_3576-138058-0000,public_speech,25,20,wav_16000_16,192044,120.0,120.0
libri_3576-138058-0000,public_speech,30,10,aac_16000_128000,57940,34.81504289512187,18.006045077883087
libri_3576-138058-0000,public_speech,30,15,aac_16000_128000,57940,34.81504289512187,18.006045077883087
libri_3576-138058-0000,public_speech,30,20,wav_16000_16,192044,120.0,120.0
libri_3752-4943-0000,public_speech,15,10,mp3_16000_64000,49004,25.44813455615877,14.581937485555565
libri_3752-4943-0000,public_speech,15,15,aac_16000_128000,55624,40.020283966443316,17.01045546140975
libri_3752-4943-0000,public_speech,15,20,wav_16000_16,192044,120.0,120.0
libri_3752-4943-0000,public_speech,20,10,mp3_16000_64000,49004,25.44813455615877,14.581937485555565
libri_3752-4943-0000,public_speech,20,15,aac_16000_128000,55624,40.020283966443316,17.01045546140975
libri_3752-4943-0000,public_speech,20,20,wav_16000_16,192044,120.0,120.0
libri_3752-4943-0000,public_speech,25,10,mp3_16000_64000,49004,25.44813455615877,14.581937485555565
libri_3752-4943-0000,public_speech,25,15,aac_16000_128000,55624,40.020283966443316,17.01045546140975
libri_3752-4943-0000,public_speech,25,20,wav_16000_16,192044,120.0,120.0
libri_3752-4943-0000,public_speech,30,10,aac_16000_64000,52746,35.79116483199639,14.707878409365058
libri_3752-4943-0000,public_speech,30,15,aac_16000_128000,55624,40.020283966443316,17.01045546140975
libri_3752-4943-0000,public_speech,30,20,wav_16000_16,192044,120.0,120.0
libri_3853-163249-0000,public_speech,15,10,opus_48000_64000,48777,17.594862737469242,10.27763587217494
libri_3853-163249-0000,public_speech,15,15,aac_16000_128000,61448,31.325046353653498,18.573266563073766
libri_3853-163249-0000,public_speech,15,20,wav_16000_16,192044,120.0,120.0
libri_3853-163249-0000,public_speech,20,10,aac_16000_64000,55771,24.320902083977685,14.539234229489601
libri_3853-163249-0000,public_speech,20,15,aac_16000_128000,61448,31.325046353653498,18.573266563073766
libri_3853-163249-0000,public_speech,20,20,wav_16000_16,192044,120.0,120.0
libri_3853-163249-0000,public_speech,25,10,aac_16000_128000,61448,31.325046353653498,18.573266563073766
libri_3853-163249-0000,public_speech,25,15,aac_16000_128000,61448,31.325046353653498,18.573266563073766
libri_3853-163249-0000,public_speech,25,20,wav_16000_16,192044,120.0,120.0
libri_3853-163249-0000,public_speech,30,10,aac_16000_128000,61448,31.325046353653498,18.573266563073766
libri_3853-163249-0000,public_speech,30,15,aac_16000_128000,61448,31.325046353653498,18.573266563073766
libri_3853-163249-0000,public_speech,30,20,wav_16000_16,192044,120.0,120.0
libri_5338-24615-0000,public_speech,15,10,opus_48000_64000,48777,22.486397953847362,11.189258182082309
libri_5338-24615-0000,public_speech,15,15,aac_16000_64000,52337,38.376803281696844,20.60503007147132
libri_5338-24615-0000,public_speech,15,20,aac_16000_64000,52337,38.376803281696844,20.60503007147132
libri_5338-24615-0000,public_speech,20,10,opus_48000_64000,48777,22.486397953847362,11.189258182082309
libri_5338-24615-0000,public_speech,20,15,aac_16000_64000,52337,38.376803281696844,20.60503007147132
libri_5338-24615-0000,public_speech,20,20,aac_16000_64000,52337,38.376803281696844,20.60503007147132
libri_5338-24615-0000,public_speech,25,10,aac_16000_64000,52337,38.376803281696844,20.60503007147132
libri_5338-24615-0000,public_speech,25,15,aac_16000_64000,52337,38.376803281696844,20.60503007147132
libri_5338-24615-0000,public_speech,25,20,aac_16000_64000,52337,38.376803281696844,20.60503007147132
libri_5338-24615-0000,public_speech,30,10,aac_16000_64000,52337,38.376803281696844,20.60503007147132
libri_5338-24615-0000,public_speech,30,15,aac_16000_64000,52337,38.376803281696844,20.60503007147132
libri_5338-24615-0000,public_speech,30,20,aac_16000_64000,52337,38.376803281696844,20.60503007147132
libri_5536-43358-0001,public_speech,15,10,opus_48000_64000,48777,20.994156004376833,10.511123139352598
libri_5536-43358-0001,public_speech,15,15,mp3_16000_64000,49004,25.344227111266022,15.491196246906176
libri_5536-43358-0001,public_speech,15,20,aac_16000_64000,52274,40.14909161992673,21.417500218842612
libri_5536-43358-0001,public_speech,20,10,opus_48000_64000,48777,20.994156004376833,10.511123139352598
libri_5536-43358-0001,public_speech,20,15,mp3_16000_64000,49004,25.344227111266022,15.491196246906176
libri_5536-43358-0001,public_speech,20,20,aac_16000_64000,52274,40.14909161992673,21.417500218842612
libri_5536-43358-0001,public_speech,25,10,mp3_16000_64000,49004,25.344227111266022,15.491196246906176
libri_5536-43358-0001,public_speech,25,15,mp3_16000_64000,49004,25.344227111266022,15.491196246906176
libri_5536-43358-0001,public_speech,25,20,aac_16000_64000,52274,40.14909161992673,21.417500218842612
libri_5536-43358-0001,public_speech,30,10,aac_16000_64000,52274,40.14909161992673,21.417500218842612
libri_5536-43358-0001,public_speech,30,15,aac_16000_64000,52274,40.14909161992673,21.417500218842612
libri_5536-43358-0001,public_speech,30,20,aac_16000_64000,52274,40.14909161992673,21.417500218842612
libri_5694-64025-0002,public_speech,15,10,mp3_16000_64000,49004,24.741391304854233,12.903177765343813
libri_5694-64025-0002,public_speech,15,15,aac_16000_64000,51773,36.05102574136457,16.69140652932755
libri_5694-64025-0002,public_speech,15,20,wav_16000_16,192044,120.0,120.0
libri_5694-64025-0002,public_speech,20,10,mp3_16000_64000,49004,24.741391304854233,12.903177765343813
libri_5694-64025-0002,public_speech,20,15,aac_16000_64000,51773,36.05102574136457,16.69140652932755
libri_5694-64025-0002,public_speech,20,20,wav_16000_16,192044,120.0,120.0
libri_5694-64025-0002,public_speech,25,10,aac_16000_64000,51773,36.05102574136457,16.69140652932755
libri_5694-64025-0002,public_speech,25,15,aac_16000_64000,51773,36.05102574136457,16.69140652932755
libri_5694-64025-0002,public_speech,25,20,wav_16000_16,192044,120.0,120.0
libri_5694-64025-0002,public_speech,30,10,aac_16000_64000,51773,36.05102574136457,16.69140652932755
libri_5694-64025-0002,public_speech,30,15,aac_16000_64000,51773,36.05102574136457,16.69140652932755
libri_5694-64025-0002,public_speech,30,20,wav_16000_16,192044,120.0,120.0
libri_5895-34615-0002,public_speech,15,10,aac_16000_128000,57512,34.38430926962658,17.548707810916007
libri_5895-34615-0002,public_speech,15,15,aac_16000_128000,57512,34.38430926962658,17.548707810916007
libri_5895-34615-0002,public_speech,15,20,wav_16000_16,192044,120.0,120.0
libri_5895-34615-0002,public_speech,20,10,aac_16000_128000,57512,34.38430926962658,17.548707810916007
libri_5895-34615-0002,public_speech,20,15,aac_16000_128000,57512,34.38430926962658,17.548707810916007
libri_5895-34615-0002,public_speech,20,20,wav_16000_16,192044,120.0,120.0
libri_5895-34615-0002,public_speech,25,10,aac_16000_128000,57512,34.38430926962658,17.548707810916007
libri_5895-34615-0002,public_speech,25,15,aac_16000_128000,57512,34.38430926962658,17.548707810916007
libri_5895-34615-0002,public_speech,25,20,wav_16000_16,192044,120.0,120.0
libri_5895-34615-0002,public_speech,30,10,aac_16000_128000,57512,34.38430926962658,17.548707810916007
libri_5895-34615-0002,public_speech,30,15,aac_16000_128000,57512,34.38430926962658,17.548707810916007
libri_5895-34615-0002,public_speech,30,20,wav_16000_16,192044,120.0,120.0
libri_6241-61943-0000,public_speech,15,10,mp3_16000_64000,49004,22.437444498141662,10.32990135601207
libri_6241-61943-0000,public_speech,15,15,aac_16000_128000,58602,34.085242953997465,18.034339517445684
libri_6241-61943-0000,public_speech,15,20,wav_16000_16,192044,120.0,120.0
libri_6241-61943-0000,public_speech,20,10,mp3_16000_64000,49004,22.437444498141662,10.32990135601207
libri_6241-61943-0000,public_speech,20,15,aac_16000_128000,58602,34.085242953997465,18.034339517445684
libri_6241-61943-0000,public_speech,20,20,wav_16000_16,192044,120.0,120.0
libri_6241-61943-0000,public_speech,25,10,aac_16000_64000,54091,28.31897642194854,13.923964773201682
libri_6241-61943-0000,public_speech,25,15,aac_16000_128000,58602,34.085242953997465,18.034339517445684
libri_6241-61943-0000,public_speech,25,20,wav_16000_16,192044,120.0,120.0
libri_6241-61943-0000,public_speech,30,10,aac_16000_128000,58602,34.085242953997465,18.034339517445684
libri_6241-61943-0000,public_speech,30,15,aac_16000_128000,58602,34.085242953997465,18.034339517445684
libri_6241-61943-0000,public_speech,30,20,wav_16000_16,192044,120.0,120.0
libri_6295-244435-0001,public_speech,15,10,mp3_16000_64000,49004,25.292611875780434,14.157164068726047
libri_6295-244435-0001,public_speech,15,15,aac_16000_64000,51560,32.245497645432316,21.636518384858817
libri_6295-244435-0001,public_speech,15,20,aac_16000_64000,51560,32.245497645432316,21.636518384858817
libri_6295-244435-0001,public_speech,20,10,mp3_16000_64000,49004,25.292611875780434,14.157164068726047
libri_6295-244435-0001,public_speech,20,15,aac_16000_64000,51560,32.245497645432316,21.636518384858817
libri_6295-244435-0001,public_speech,20,20,aac_16000_64000,51560,32.245497645432316,21.636518384858817
libri_6295-244435-0001,public_speech,25,10,mp3_16000_64000,49004,25.292611875780434,14.157164068726047
libri_6295-244435-0001,public_speech,25,15,aac_16000_64000,51560,32.245497645432316,21.636518384858817
libri_6295-244435-0001,public_speech,25,20,aac_16000_64000,51560,32.245497645432316,21.636518384858817
libri_6295-244435-0001,public_speech,30,10,aac_16000_64000,51560,32.245497645432316,21.636518384858817
libri_6295-244435-0001,public_speech,30,15,aac_16000_64000,51560,32.245497645432316,21.636518384858817
libri_6295-244435-0001,public_speech,30,20,aac_16000_64000,51560,32.245497645432316,21.636518384858817
libri_6313-66125-0015,public_speech,15,10,mp3_16000_64000,49004,24.19244807585677,11.505312800575314
libri_6313-66125-0015,public_speech,15,15,aac_16000_128000,58835,35.93212573927141,17.890022952101738
libri_6313-66125-0015,public_speech,15,20,wav_16000_16,192044,120.0,120.0
libri_6313-66125-0015,public_speech,20,10,mp3_16000_64000,49004,24.19244807585677,11.505312800575314
libri_6313-66125-0015,public_speech,20,15,aac_16000_128000,58835,35.93212573927141,17.890022952101738
libri_6313-66125-0015,public_speech,20,20,wav_16000_16,192044,120.0,120.0
libri_6313-66125-0015,public_speech,25,10,aac_16000_64000,52736,27.399830550816482,13.74066178636121
libri_6313-66125-0015,public_speech,25,15,aac_16000_128000,58835,35.93212573927141,17.890022952101738
libri_6313-66125-0015,public_speech,25,20,wav_16000_16,192044,120.0,120.0
libri_6313-66125-0015,public_speech,30,10,aac_16000_128000,58835,35.93212573927141,17.890022952101738
libri_6313-66125-0015,public_speech,30,15,aac_16000_128000,58835,35.93212573927141,17.890022952101738
libri_6313-66125-0015,public_speech,30,20,wav_16000_16,192044,120.0,120.0
libri_6319-275224-0001,public_speech,15,10,aac_16000_64000,52480,38.06675281533285,18.670995059005023
libri_6319-275224-0001,public_speech,15,15,aac_16000_64000,52480,38.06675281533285,18.670995059005023
libri_6319-275224-0001,public_speech,15,20,wav_16000_16,192044,120.0,120.0
libri_6319-275224-0001,public_speech,20,10,aac_16000_64000,52480,38.06675281533285,18.670995059005023
libri_6319-275224-0001,public_speech,20,15,aac_16000_64000,52480,38.06675281533285,18.670995059005023
libri_6319-275224-0001,public_speech,20,20,wav_16000_16,192044,120.0,120.0
libri_6319-275224-0001,public_speech,25,10,aac_16000_64000,52480,38.06675281533285,18.670995059005023
libri_6319-275224-0001,public_speech,25,15,aac_16000_64000,52480,38.06675281533285,18.670995059005023
libri_6319-275224-0001,public_speech,25,20,wav_16000_16,192044,120.0,120.0
libri_6319-275224-0001,public_speech,30,10,aac_16000_64000,52480,38.06675281533285,18.670995059005023
libri_6319-275224-0001,public_speech,30,15,aac_16000_64000,52480,38.06675281533285,18.670995059005023
libri_6319-275224-0001,public_speech,30,20,wav_16000_16,192044,120.0,120.0
libri_6345-64257-0000,public_speech,15,10,opus_48000_64000,48777,22.6623278448432,11.081162848905251
libri_6345-64257-0000,public_speech,15,15,opus_48000_128000,97238,30.727096237167682,18.098062012751495
libri_6345-64257-0000,public_speech,15,20,wav_16000_16,192044,120.0,120.0
libri_6345-64257-0000,public_speech,20,10,opus_48000_64000,48777,22.6623278448432,11.081162848905251
libri_6345-64257-0000,public_speech,20,15,opus_48000_128000,97238,30.727096237167682,18.098062012751495
libri_6345-64257-0000,public_speech,20,20,wav_16000_16,192044,120.0,120.0
libri_6345-64257-0000,public_speech,25,10,aac_16000_64000,52573,34.19256335020308,13.309681610353215
libri_6345-64257-0000,public_speech,25,15,opus_48000_128000,97238,30.727096237167682,18.098062012751495
libri_6345-64257-0000,public_speech,25,20,wav_16000_16,192044,120.0,120.0
libri_6345-64257-0000,public_speech,30,10,aac_16000_64000,52573,34.19256335020308,13.309681610353215
libri_6345-64257-0000,public_speech,30,15,opus_48000_128000,97238,30.727096237167682,18.098062012751495
libri_6345-64257-0000,public_speech,30,20,wav_16000_16,192044,120.0,120.0
libri_7850-111771-0000,public_speech,15,10,aac_16000_64000,52973,30.25532097252292,18.53774715176145
libri_7850-111771-0000,public_speech,15,15,aac_16000_64000,52973,30.25532097252292,18.53774715176145
libri_7850-111771-0000,public_speech,15,20,aac_16000_128000,56123,37.762396043432226,20.398689680340937
libri_7850-111771-0000,public_speech,20,10,aac_16000_64000,52973,30.25532097252292,18.53774715176145
libri_7850-111771-0000,public_speech,20,15,aac_16000_64000,52973,30.25532097252292,18.53774715176145
libri_7850-111771-0000,public_speech,20,20,aac_16000_128000,56123,37.762396043432226,20.398689680340937
libri_7850-111771-0000,public_speech,25,10,aac_16000_64000,52973,30.25532097252292,18.53774715176145
libri_7850-111771-0000,public_speech,25,15,aac_16000_64000,52973,30.25532097252292,18.53774715176145
libri_7850-111771-0000,public_speech,25,20,aac_16000_128000,56123,37.762396043432226,20.398689680340937
libri_7850-111771-0000,public_speech,30,10,aac_16000_64000,52973,30.25532097252292,18.53774715176145
libri_7850-111771-0000,public_speech,30,15,aac_16000_64000,52973,30.25532097252292,18.53774715176145
libri_7850-111771-0000,public_speech,30,20,aac_16000_128000,56123,37.762396043432226,20.398689680340937
libri_7976-105575-0000,public_speech,15,10,opus_48000_64000,48777,23.090071240399155,10.306591721826914
libri_7976-105575-0000,public_speech,15,15,aac_16000_64000,49889,37.21568878893017,18.595917160846632
libri_7976-105575-0000,public_speech,15,20,aac_16000_128000,52469,42.27458167179237,20.017268701724365
libri_7976-105575-0000,public_speech,20,10,opus_48000_64000,48777,23.090071240399155,10.306591721826914
libri_7976-105575-0000,public_speech,20,15,aac_16000_64000,49889,37.21568878893017,18.595917160846632
libri_7976-105575-0000,public_speech,20,20,aac_16000_128000,52469,42.27458167179237,20.017268701724365
libri_7976-105575-0000,public_speech,25,10,mp3_16000_64000,49004,25.398574526945783,13.415898126004661
libri_7976-105575-0000,public_speech,25,15,aac_16000_64000,49889,37.21568878893017,18.595917160846632
libri_7976-105575-0000,public_speech,25,20,aac_16000_128000,52469,42.27458167179237,20.017268701724365
libri_7976-105575-0000,public_speech,30,10,aac_16000_64000,49889,37.21568878893017,18.595917160846632
libri_7976-105575-0000,public_speech,30,15,aac_16000_64000,49889,37.21568878893017,18.595917160846632
libri_7976-105575-0000,public_speech,30,20,aac_16000_128000,52469,42.27458167179237,20.017268701724365
libri_8297-275154-0000,public_speech,15,10,mp3_16000_64000,49004,24.454295586126044,12.979240273560606
libri_8297-275154-0000,public_speech,15,15,aac_16000_128000,57026,37.06002461774033,17.594701788328766
libri_8297-275154-0000,public_speech,15,20,wav_16000_16,192044,120.0,120.0
libri_8297-275154-0000,public_speech,20,10,mp3_16000_64000,49004,24.454295586126044,12.979240273560606
libri_8297-275154-0000,public_speech,20,15,aac_16000_128000,57026,37.06002461774033,17.594701788328766
libri_8297-275154-0000,public_speech,20,20,wav_16000_16,192044,120.0,120.0
libri_8297-275154-0000,public_speech,25,10,aac_16000_64000,53506,33.23357918314812,12.467014069126133
libri_8297-275154-0000,public_speech,25,15,aac_16000_128000,57026,37.06002461774033,17.594701788328766
libri_8297-275154-0000,public_speech,25,20,wav_16000_16,192044,120.0,120.0
libri_8297-275154-0000,public_speech,30,10,aac_16000_64000,53506,33.23357918314812,12.467014069126133
libri_8297-275154-0000,public_speech,30,15,aac_16000_128000,57026,37.06002461774033,17.594701788328766
libri_8297-275154-0000,public_speech,30,20,wav_16000_16,192044,120.0,120.0
libri_8842-302196-0000,public_speech,15,10,mp3_16000_64000,49004,19.99315373469913,10.42065166472385
libri_8842-302196-0000,public_speech,15,15,aac_16000_64000,56470,25.87392667696615,15.333721666875874
libri_8842-302196-0000,public_speech,15,20,wav_16000_16,192044,120.0,120.0
libri_8842-302196-0000,public_speech,20,10,aac_16000_64000,56470,25.87392667696615,15.333721666875874
libri_8842-302196-0000,public_speech,20,15,aac_16000_64000,56470,25.87392667696615,15.333721666875874
libri_8842-302196-0000,public_speech,20,20,wav_16000_16,192044,120.0,120.0
libri_8842-302196-0000,public_speech,25,10,aac_16000_64000,56470,25.87392667696615,15.333721666875874
libri_8842-302196-0000,public_speech,25,15,aac_16000_64000,56470,25.87392667696615,15.333721666875874
libri_8842-302196-0000,public_speech,25,20,wav_16000_16,192044,120.0,120.0
libri_8842-302196-0000,public_speech,30,10,wav_16000_16,192044,120.0,120.0
libri_8842-302196-0000,public_speech,30,15,wav_16000_16,192044,120.0,120.0
libri_8842-302196-0000,public_speech,30,20,wav_16000_16,192044,120.0,120.0
musdb_00,public_music,15,10,mp3_44100_64000,55004,17.5167796382599,11.357326319768502
musdb_00,public_music,15,15,mp3_44100_96000,82486,22.1174360132447,17.0365819436831
musdb_00,public_music,15,20,mp3_44100_128000,109966,24.3192013357719,20.70434735944028
musdb_00,public_music,20,10,mp3_44100_96000,82486,22.1174360132447,17.0365819436831
musdb_00,public_music,20,15,mp3_44100_96000,82486,22.1174360132447,17.0365819436831
musdb_00,public_music,20,20,mp3_44100_128000,109966,24.3192013357719,20.70434735944028
musdb_00,public_music,25,10,wav_32000_8,217644,27.7515792375155,21.56020999193435
musdb_00,public_music,25,15,wav_32000_8,217644,27.7515792375155,21.56020999193435
musdb_00,public_music,25,20,wav_32000_8,217644,27.7515792375155,21.56020999193435
musdb_00,public_music,30,10,wav_44100_8,299924,30.35045128436537,24.61043809868739
musdb_00,public_music,30,15,wav_44100_8,299924,30.35045128436537,24.61043809868739
musdb_00,public_music,30,20,wav_44100_8,299924,30.35045128436537,24.61043809868739
musdb_01,public_music,15,10,mp3_44100_64000,55004,15.546866966492953,10.480097041570387
musdb_01,public_music,15,15,mp3_44100_96000,82486,20.88522296563371,16.580112409682428
musdb_01,public_music,15,20,mp3_44100_128000,109966,23.60650272687763,20.308695103709766
musdb_01,public_music,20,10,mp3_44100_96000,82486,20.88522296563371,16.580112409682428
musdb_01,public_music,20,15,mp3_44100_96000,82486,20.88522296563371,16.580112409682428
musdb_01,public_music,20,20,mp3_44100_128000,109966,23.60650272687763,20.308695103709766
musdb_01,public_music,25,10,aac_44100_128000,112415,25.199541164634425,18.176927882877372
musdb_01,public_music,25,15,aac_44100_128000,112415,25.199541164634425,18.176927882877372
musdb_01,public_music,25,20,wav_32000_8,217644,26.19303148505199,20.818199460803562
musdb_01,public_music,30,10,wav_32000_16,435244,32.63666795719214,25.505091738948366
musdb_01,public_music,30,15,wav_32000_16,435244,32.63666795719214,25.505091738948366
musdb_01,public_music,30,20,wav_32000_16,435244,32.63666795719214,25.505091738948366
musdb_02,public_music,15,10,mp3_44100_64000,55004,18.092021522124405,13.64041373607228
musdb_02,public_music,15,15,mp3_44100_96000,82486,22.515494264315215,18.829582504967746
musdb_02,public_music,15,20,mp3_44100_128000,109966,24.591705041774908,22.05777186632373
musdb_02,public_music,20,10,mp3_44100_96000,82486,22.515494264315215,18.829582504967746
musdb_02,public_music,20,15,mp3_44100_96000,82486,22.515494264315215,18.829582504967746
musdb_02,public_music,20,20,mp3_44100_128000,109966,24.591705041774908,22.05777186632373
musdb_02,public_music,25,10,aac_44100_128000,111867,26.108580471136168,18.9131706665415
musdb_02,public_music,25,15,aac_44100_128000,111867,26.108580471136168,18.9131706665415
musdb_02,public_music,25,20,wav_32000_8,217644,28.847115222032038,22.406009534434403
musdb_02,public_music,30,10,wav_32000_16,435244,38.18201800951457,27.976817416029583
musdb_02,public_music,30,15,wav_32000_16,435244,38.18201800951457,27.976817416029583
musdb_02,public_music,30,20,wav_32000_16,435244,38.18201800951457,27.976817416029583
musdb_03,public_music,15,10,mp3_44100_32000,27602,19.606438502089343,10.036579616724843
musdb_03,public_music,15,15,mp3_44100_96000,82486,25.043032950336475,19.18950400643575
musdb_03,public_music,15,20,mp3_44100_128000,109966,25.674562971216695,22.887158223703462
musdb_03,public_music,20,10,mp3_44100_64000,55004,22.450109573697855,14.58980736504816
musdb_03,public_music,20,15,mp3_44100_96000,82486,25.043032950336475,19.18950400643575
musdb_03,public_music,20,20,mp3_44100_128000,109966,25.674562971216695,22.887158223703462
musdb_03,public_music,25,10,mp3_44100_96000,82486,25.043032950336475,19.18950400643575
musdb_03,public_music,25,15,mp3_44100_96000,82486,25.043032950336475,19.18950400643575
musdb_03,public_music,25,20,mp3_44100_128000,109966,25.674562971216695,22.887158223703462
musdb_03,public_music,30,10,aac_44100_128000,115928,33.02525126293338,23.291277759076806
musdb_03,public_music,30,15,aac_44100_128000,115928,33.02525126293338,23.291277759076806
musdb_03,public_music,30,20,aac_44100_128000,115928,33.02525126293338,23.291277759076806
musdb_04,public_music,15,10,mp3_32000_32000,27584,16.110137012278717,10.583556951739371
musdb_04,public_music,15,15,mp3_32000_64000,55052,19.846481793434915,15.069941675191105
musdb_04,public_music,15,20,mp3_44100_96000,82486,23.667624274174848,20.025214125576415
musdb_04,public_music,20,10,mp3_16000_64000,55340,21.349088394765403,14.813430045337245
musdb_04,public_music,20,15,mp3_44100_96000,82486,23.667624274174848,20.025214125576415
musdb_04,public_music,20,20,mp3_44100_96000,82486,23.667624274174848,20.025214125576415
musdb_04,public_music,25,10,mp3_44100_128000,109966,25.081212661300025,23.046300385944857
musdb_04,public_music,25,15,mp3_44100_128000,109966,25.081212661300025,23.046300385944857
musdb_04,public_music,25,20,mp3_44100_128000,109966,25.081212661300025,23.046300385944857
musdb_04,public_music,30,10,aac_44100_128000,110982,30.016577609503557,21.512248563629463
musdb_04,public_music,30,15,aac_44100_128000,110982,30.016577609503557,21.512248563629463
musdb_04,public_music,30,20,aac_44100_128000,110982,30.016577609503557,21.512248563629463
musdb_05,public_music,15,10,mp3_44100_64000,55004,17.914968519349937,11.476634422217773
musdb_05,public_music,15,15,mp3_44100_96000,82486,22.67050479318184,17.659019450209563
musdb_05,public_music,15,20,mp3_44100_128000,109966,24.677228036989753,21.261886387745726
musdb_05,public_music,20,10,mp3_44100_96000,82486,22.67050479318184,17.659019450209563
musdb_05,public_music,20,15,mp3_44100_96000,82486,22.67050479318184,17.659019450209563
musdb_05,public_music,20,20,mp3_44100_128000,109966,24.677228036989753,21.261886387745726
musdb_05,public_music,25,10,aac_44100_128000,110690,27.34486663454481,20.110224931845693
musdb_05,public_music,25,15,aac_44100_128000,110690,27.34486663454481,20.110224931845693
musdb_05,public_music,25,20,aac_44100_128000,110690,27.34486663454481,20.110224931845693
musdb_05,public_music,30,10,wav_32000_16,435244,30.090505286022406,20.99849932109148
musdb_05,public_music,30,15,wav_32000_16,435244,30.090505286022406,20.99849932109148
musdb_05,public_music,30,20,wav_32000_16,435244,30.090505286022406,20.99849932109148
musdb_06,public_music,15,10,mp3_44100_64000,55004,18.678005480574647,13.39536011528577
musdb_06,public_music,15,15,mp3_44100_96000,82486,22.646830508687966,18.58589515260485
musdb_06,public_music,15,20,mp3_44100_128000,109966,24.626696795286236,22.032920925934675
musdb_06,public_music,20,10,mp3_44100_96000,82486,22.646830508687966,18.58589515260485
musdb_06,public_music,20,15,mp3_44100_96000,82486,22.646830508687966,18.58589515260485
musdb_06,public_music,20,20,mp3_44100_128000,109966,24.626696795286236,22.032920925934675
musdb_06,public_music,25,10,aac_44100_128000,110741,28.46428941033171,19.860195835193323
musdb_06,public_music,25,15,aac_44100_128000,110741,28.46428941033171,19.860195835193323
musdb_06,public_music,25,20,wav_32000_16,435244,35.94344629100791,27.28836770023608
musdb_06,public_music,30,10,wav_32000_16,435244,35.94344629100791,27.28836770023608
musdb_06,public_music,30,15,wav_32000_16,435244,35.94344629100791,27.28836770023608
musdb_06,public_music,30,20,wav_32000_16,435244,35.94344629100791,27.28836770023608
musdb_07,public_music,15,10,mp3_44100_64000,55004,17.918365833735237,11.082051692471325
musdb_07,public_music,15,15,mp3_44100_96000,82486,22.999266411036963,18.079535128613472
musdb_07,public_music,15,20,mp3_44100_128000,109966,24.796102087952086,21.66626657428935
musdb_07,public_music,20,10,mp3_44100_96000,82486,22.999266411036963,18.079535128613472
musdb_07,public_music,20,15,mp3_44100_96000,82486,22.999266411036963,18.079535128613472
musdb_07,public_music,20,20,mp3_44100_128000,109966,24.796102087952086,21.66626657428935
musdb_07,public_music,25,10,aac_44100_128000,110697,26.448174236377714,19.36906766217415
musdb_07,public_music,25,15,aac_44100_128000,110697,26.448174236377714,19.36906766217415
musdb_07,public_music,25,20,wav_32000_8,217644,29.180530655718453,25.27877217101149
musdb_07,public_music,30,10,wav_32000_16,435244,39.95116740653667,32.32102784911972
musdb_07,public_music,30,15,wav_32000_16,435244,39.95116740653667,32.32102784911972
musdb_07,public_music,30,20,wav_32000_16,435244,39.95116740653667,32.32102784911972
musdb_08,public_music,15,10,mp3_32000_32000,27584,15.391367194226703,10.633613554493564
musdb_08,public_music,15,15,mp3_32000_64000,55052,20.150664654162004,15.400664986550103
musdb_08,public_music,15,20,mp3_44100_96000,82486,23.915183700317275,20.69812702234179
musdb_08,public_music,20,10,mp3_32000_64000,55052,20.150664654162004,15.400664986550103
musdb_08,public_music,20,15,mp3_32000_64000,55052,20.150664654162004,15.400664986550103
musdb_08,public_music,20,20,mp3_44100_96000,82486,23.915183700317275,20.69812702234179
musdb_08,public_music,25,10,aac_44100_96000,84186,25.026747337499202,18.06307824016993
musdb_08,public_music,25,15,aac_44100_96000,84186,25.026747337499202,18.06307824016993
musdb_08,public_music,25,20,mp3_44100_128000,109966,25.17305493655867,23.36443000452078
musdb_08,public_music,30,10,wav_44100_8,299924,30.054146685912073,25.08216569815092
musdb_08,public_music,30,15,wav_44100_8,299924,30.054146685912073,25.08216569815092
musdb_08,public_music,30,20,wav_44100_8,299924,30.054146685912073,25.08216569815092
musdb_09,public_music,15,10,mp3_44100_64000,55004,18.372760830421548,13.085914500986412
musdb_09,public_music,15,15,mp3_44100_96000,82486,22.699134138580742,18.545851583779157
musdb_09,public_music,15,20,mp3_44100_128000,109966,24.605457461597457,21.905414239172462
musdb_09,public_music,20,10,mp3_44100_96000,82486,22.699134138580742,18.545851583779157
musdb_09,public_music,20,15,mp3_44100_96000,82486,22.699134138580742,18.545851583779157
musdb_09,public_music,20,20,mp3_44100_128000,109966,24.605457461597457,21.905414239172462
musdb_09,public_music,25,10,aac_44100_128000,111160,28.101371648554164,20.993609190088453
musdb_09,public_music,25,15,aac_44100_128000,111160,28.101371648554164,20.993609190088453
musdb_09,public_music,25,20,aac_44100_128000,111160,28.101371648554164,20.993609190088453
musdb_09,public_music,30,10,wav_32000_16,435244,36.28957489573564,28.560600794910755
musdb_09,public_music,30,15,wav_32000_16,435244,36.28957489573564,28.560600794910755
musdb_09,public_music,30,20,wav_32000_16,435244,36.28957489573564,28.560600794910755
musdb_10,public_music,15,10,mp3_32000_32000,27584,19.916409242363635,13.898440065457518
musdb_10,public_music,15,15,mp3_44100_32000,27602,21.073280176144383,15.87468028135979
musdb_10,public_music,15,20,mp3_16000_64000,55340,25.243455202490548,20.106762805935247
musdb_10,public_music,20,10,mp3_44100_32000,27602,21.073280176144383,15.87468028135979
musdb_10,public_music,20,15,mp3_44100_32000,27602,21.073280176144383,15.87468028135979
musdb_10,public_music,20,20,mp3_16000_64000,55340,25.243455202490548,20.106762805935247
musdb_10,public_music,25,10,aac_8000_32000,30036,25.025085405224033,16.58357661817152
musdb_10,public_music,25,15,aac_8000_32000,30036,25.025085405224033,16.58357661817152
musdb_10,public_music,25,20,mp3_16000_64000,55340,25.243455202490548,20.106762805935247
musdb_10,public_music,30,10,aac_32000_96000,83930,30.97166384748368,21.51902734286073
musdb_10,public_music,30,15,aac_32000_96000,83930,30.97166384748368,21.51902734286073
musdb_10,public_music,30,20,aac_32000_96000,83930,30.97166384748368,21.51902734286073
musdb_11,public_music,15,10,mp3_44100_64000,55004,18.177658615310662,10.10892228741598
musdb_11,public_music,15,15,mp3_44100_96000,82486,22.862359571410728,18.037097927047242
musdb_11,public_music,15,20,mp3_44100_128000,109966,25.00137085156843,22.228429260257904
musdb_11,public_music,20,10,mp3_44100_96000,82486,22.862359571410728,18.037097927047242
musdb_11,public_music,20,15,mp3_44100_96000,82486,22.862359571410728,18.037097927047242
musdb_11,public_music,20,20,mp3_44100_128000,109966,25.00137085156843,22.228429260257904
musdb_11,public_music,25,10,mp3_44100_128000,109966,25.00137085156843,22.228429260257904
musdb_11,public_music,25,15,mp3_44100_128000,109966,25.00137085156843,22.228429260257904
musdb_11,public_music,25,20,mp3_44100_128000,109966,25.00137085156843,22.228429260257904
musdb_11,public_music,30,10,wav_32000_16,435244,44.67582585259892,30.110688702883554
musdb_11,public_music,30,15,wav_32000_16,435244,44.67582585259892,30.110688702883554
musdb_11,public_music,30,20,wav_32000_16,435244,44.67582585259892,30.110688702883554
musdb_12,public_music,15,10,mp3_16000_32000,27728,18.313568364689658,10.550659883204252
musdb_12,public_music,15,15,mp3_44100_96000,82486,24.22589297680869,19.99375377003021
musdb_12,public_music,15,20,mp3_32000_96000,82556,24.415590922264244,20.163572922013586
musdb_12,public_music,20,10,mp3_44100_64000,55004,20.588868022368054,13.648488812678487
musdb_12,public_music,20,15,mp3_44100_96000,82486,24.22589297680869,19.99375377003021
musdb_12,public_music,20,20,mp3_32000_96000,82556,24.415590922264244,20.163572922013586
musdb_12,public_music,25,10,aac_32000_96000,86488,25.14473649388238,16.397843838727578
musdb_12,public_music,25,15,aac_32000_96000,86488,25.14473649388238,16.397843838727578
musdb_12,public_music,25,20,mp3_44100_128000,109966,25.450009402040212,23.08386005109728
musdb_12,public_music,30,10,wav_32000_8,217644,30.159068169272988,21.91559610875371
musdb_12,public_music,30,15,wav_32000_8,217644,30.159068169272988,21.91559610875371
musdb_12,public_music,30,20,wav_32000_8,217644,30.159068169272988,21.91559610875371
musdb_13,public_music,15,10,mp3_44100_64000,55004,16.375437602560226,11.681505027151742
musdb_13,public_music,15,15,mp3_44100_96000,82486,22.212738430377964,17.929409859412086
musdb_13,public_music,15,20,mp3_44100_128000,109966,24.62711273582082,21.839648503764497
musdb_13,public_music,20,10,mp3_44100_96000,82486,22.212738430377964,17.929409859412086
musdb_13,public_music,20,15,mp3_44100_96000,82486,22.212738430377964,17.929409859412086
musdb_13,public_music,20,20,mp3_44100_128000,109966,24.62711273582082,21.839648503764497
musdb_13,public_music,25,10,aac_44100_128000,110810,26.93145746873117,19.740325791629264
musdb_13,public_music,25,15,aac_44100_128000,110810,26.93145746873117,19.740325791629264
musdb_13,public_music,25,20,wav_32000_8,217644,29.177065445182798,24.542255131715645
musdb_13,public_music,30,10,wav_32000_16,435244,42.781514287164086,33.48653742241468
musdb_13,public_music,30,15,wav_32000_16,435244,42.781514287164086,33.48653742241468
musdb_13,public_music,30,20,wav_32000_16,435244,42.781514287164086,33.48653742241468
musdb_14,public_music,15,10,mp3_44100_64000,55004,15.897141419168154,10.053404902054515
musdb_14,public_music,15,15,mp3_44100_96000,82486,20.77817841041627,15.75556614886099
musdb_14,public_music,15,20,opus_48000_128000,110118,23.72363219679741,20.353109492228917
musdb_14,public_music,20,10,mp3_44100_96000,82486,20.77817841041627,15.75556614886099
musdb_14,public_music,20,15,mp3_44100_96000,82486,20.77817841041627,15.75556614886099
musdb_14,public_music,20,20,opus_48000_128000,110118,23.72363219679741,20.353109492228917
musdb_14,public_music,25,10,wav_32000_8,217644,25.621792841735207,19.62329251063615
musdb_14,public_music,25,15,wav_32000_8,217644,25.621792841735207,19.62329251063615
musdb_14,public_music,25,20,wav_44100_8,299924,28.501410072783656,22.501634057866944
musdb_14,public_music,30,10,wav_44100_16,599804,76.66922015620007,70.69798732393511
musdb_14,public_music,30,15,wav_44100_16,599804,76.66922015620007,70.69798732393511
musdb_14,public_music,30,20,wav_44100_16,599804,76.66922015620007,70.69798732393511
musdb_15,public_music,15,10,mp3_44100_64000,55004,16.284407289194025,11.86698927341968
musdb_15,public_music,15,15,mp3_44100_96000,82486,22.412756725067847,18.745154284129057
musdb_15,public_music,15,20,mp3_44100_128000,109966,24.4687087152144,21.84310660412507
musdb_15,public_music,20,10,mp3_44100_96000,82486,22.412756725067847,18.745154284129057
musdb_15,public_music,20,15,mp3_44100_96000,82486,22.412756725067847,18.745154284129057
musdb_15,public_music,20,20,mp3_44100_128000,109966,24.4687087152144,21.84310660412507
musdb_15,public_music,25,10,aac_44100_128000,111917,27.17227556963391,18.905038250041635
musdb_15,public_music,25,15,aac_44100_128000,111917,27.17227556963391,18.905038250041635
musdb_15,public_music,25,20,wav_32000_8,217644,28.998063303924447,24.65335756760784
musdb_15,public_music,30,10,wav_32000_16,435244,38.085907034162,30.796942459411888
musdb_15,public_music,30,15,wav_32000_16,435244,38.085907034162,30.796942459411888
musdb_15,public_music,30,20,wav_32000_16,435244,38.085907034162,30.796942459411888
musdb_16,public_music,15,10,mp3_16000_32000,27728,16.42068592607561,10.46009757501269
musdb_16,public_music,15,15,mp3_44100_96000,82486,23.439305407365467,18.79777459185053
musdb_16,public_music,15,20,mp3_44100_128000,109966,25.089571739954486,22.58609833294486
musdb_16,public_music,20,10,mp3_16000_64000,55340,21.589856223363384,14.174170995090567
musdb_16,public_music,20,15,mp3_44100_96000,82486,23.439305407365467,18.79777459185053
musdb_16,public_music,20,20,mp3_44100_128000,109966,25.089571739954486,22.58609833294486
musdb_16,public_music,25,10,mp3_44100_128000,109966,25.089571739954486,22.58609833294486
musdb_16,public_music,25,15,mp3_44100_128000,109966,25.089571739954486,22.58609833294486
musdb_16,public_music,25,20,mp3_44100_128000,109966,25.089571739954486,22.58609833294486
musdb_16,public_music,30,10,wav_32000_16,435244,42.126865160340714,35.24374758207445
musdb_16,public_music,30,15,wav_32000_16,435244,42.126865160340714,35.24374758207445
musdb_16,public_music,30,20,wav_32000_16,435244,42.126865160340714,35.24374758207445
musdb_17,public_music,15,10,mp3_16000_32000,27728,15.296247496364689,12.303168960816954
musdb_17,public_music,15,15,mp3_44100_64000,55004,18.133067442341215,15.208572763969258
musdb_17,public_music,15,20,mp3_44100_128000,109966,24.796448008724038,22.849132610813566
musdb_17,public_music,20,10,mp3_16000_64000,55340,21.623021984651075,16.914755987829125
musdb_17,public_music,20,15,mp3_16000_64000,55340,21.623021984651075,16.914755987829125
musdb_17,public_music,20,20,mp3_44100_128000,109966,24.796448008724038,22.849132610813566
musdb_17,public_music,25,10,wav_16000_8,108844,25.058405665022754,18.861570495550687
musdb_17,public_music,25,15,wav_16000_8,108844,25.058405665022754,18.861570495550687
musdb_17,public_music,25,20,opus_48000_128000,110118,25.08673030445939,22.37469338519292
musdb_17,public_music,30,10,wav_44100_8,299924,30.424531417323806,27.37890621230733
musdb_17,public_music,30,15,wav_44100_8,299924,30.424531417323806,27.37890621230733
musdb_17,public_music,30,20,wav_44100_8,299924,30.424531417323806,27.37890621230733
musdb_18,public_music,15,10,mp3_44100_64000,55004,19.9004303754598,12.932750156934304
musdb_18,public_music,15,15,mp3_44100_96000,82486,23.6676119051663,18.30694949249206
musdb_18,public_music,15,20,mp3_44100_128000,109966,25.115439854085547,21.820754459128135
musdb_18,public_music,20,10,mp3_32000_64000,55052,20.49951410630106,13.569069493187806
musdb_18,public_music,20,15,mp3_44100_96000,82486,23.6676119051663,18.30694949249206
musdb_18,public_music,20,20,mp3_44100_128000,109966,25.115439854085547,21.820754459128135
musdb_18,public_music,25,10,mp3_44100_128000,109966,25.115439854085547,21.820754459128135
musdb_18,public_music,25,15,mp3_44100_128000,109966,25.115439854085547,21.820754459128135
musdb_18,public_music,25,20,mp3_44100_128000,109966,25.115439854085547,21.820754459128135
musdb_18,public_music,30,10,wav_32000_16,435244,34.54742340878889,24.08927591870274
musdb_18,public_music,30,15,wav_32000_16,435244,34.54742340878889,24.08927591870274
musdb_18,public_music,30,20,wav_32000_16,435244,34.54742340878889,24.08927591870274
musdb_19,public_music,15,10,mp3_44100_32000,27602,16.456775513825328,10.08176764314161
musdb_19,public_music,15,15,mp3_44100_96000,82486,23.85081854222114,20.193204736011438
musdb_19,public_music,15,20,mp3_44100_96000,82486,23.85081854222114,20.193204736011438
musdb_19,public_music,20,10,mp3_32000_64000,55052,20.328001233037263,14.800808017538905
musdb_19,public_music,20,15,mp3_44100_96000,82486,23.85081854222114,20.193204736011438
musdb_19,public_music,20,20,mp3_44100_96000,82486,23.85081854222114,20.193204736011438
musdb_19,public_music,25,10,mp3_44100_128000,109966,25.11279716815953,22.67212770300798
musdb_19,public_music,25,15,mp3_44100_128000,109966,25.11279716815953,22.67212770300798
musdb_19,public_music,25,20,mp3_44100_128000,109966,25.11279716815953,22.67212770300798
musdb_19,public_music,30,10,wav_32000_16,435244,35.500122791984595,26.391565701910878
musdb_19,public_music,30,15,wav_32000_16,435244,35.500122791984595,26.391565701910878
musdb_19,public_music,30,20,wav_32000_16,435244,35.500122791984595,26.391565701910878
musdb_20,public_music,15,10,mp3_44100_64000,55004,17.602936432059447,14.03849617376867
musdb_20,public_music,15,15,mp3_44100_96000,82486,22.36359382460015,19.23522323843098
musdb_20,public_music,15,20,mp3_44100_128000,109966,24.546865043443475,22.49917446802555
musdb_20,public_music,20,10,mp3_44100_96000,82486,22.36359382460015,19.23522323843098
musdb_20,public_music,20,15,mp3_44100_96000,82486,22.36359382460015,19.23522323843098
musdb_20,public_music,20,20,mp3_44100_128000,109966,24.546865043443475,22.49917446802555
musdb_20,public_music,25,10,aac_44100_128000,110759,26.48523960372094,18.761462730326524
musdb_20,public_music,25,15,aac_44100_128000,110759,26.48523960372094,18.761462730326524
musdb_20,public_music,25,20,wav_32000_8,217644,27.56337916833833,23.33315520276445
musdb_20,public_music,30,10,wav_32000_16,435244,35.54232653993608,28.952118017419846
musdb_20,public_music,30,15,wav_32000_16,435244,35.54232653993608,28.952118017419846
musdb_20,public_music,30,20,wav_32000_16,435244,35.54232653993608,28.952118017419846
musdb_21,public_music,15,10,mp3_32000_32000,27584,17.582499663362267,13.132348116460777
musdb_21,public_music,15,15,mp3_44100_64000,55004,21.02694979155366,17.30519917373027
musdb_21,public_music,15,20,mp3_44100_96000,82486,24.489606241082363,21.932603270960694
musdb_21,public_music,20,10,mp3_44100_64000,55004,21.02694979155366,17.30519917373027
musdb_21,public_music,20,15,mp3_44100_64000,55004,21.02694979155366,17.30519917373027
musdb_21,public_music,20,20,mp3_44100_96000,82486,24.489606241082363,21.932603270960694
musdb_21,public_music,25,10,aac_32000_96000,83410,25.45590266416815,18.98237171645539
musdb_21,public_music,25,15,aac_32000_96000,83410,25.45590266416815,18.98237171645539
musdb_21,public_music,25,20,aac_44100_96000,84242,26.39042211373698,20.931960388034184
musdb_21,public_music,30,10,aac_44100_128000,111171,33.427006207386455,25.561326028016698
musdb_21,public_music,30,15,aac_44100_128000,111171,33.427006207386455,25.561326028016698
musdb_21,public_music,30,20,aac_44100_128000,111171,33.427006207386455,25.561326028016698
musdb_22,public_music,15,10,mp3_44100_64000,55004,16.55603543139805,11.954209904666298
musdb_22,public_music,15,15,mp3_44100_96000,82486,21.294529696221257,17.254732503517364
musdb_22,public_music,15,20,mp3_44100_128000,109966,23.925434259225202,20.94498130859737
musdb_22,public_music,20,10,mp3_44100_96000,82486,21.294529696221257,17.254732503517364
musdb_22,public_music,20,15,mp3_44100_96000,82486,21.294529696221257,17.254732503517364
musdb_22,public_music,20,20,mp3_44100_128000,109966,23.925434259225202,20.94498130859737
musdb_22,public_music,25,10,aac_44100_128000,111551,25.01058769542041,18.38815821128823
musdb_22,public_music,25,15,aac_44100_128000,111551,25.01058769542041,18.38815821128823
musdb_22,public_music,25,20,wav_32000_8,217644,26.37156286691321,21.706198877085555
musdb_22,public_music,30,10,wav_32000_16,435244,31.347088019300088,24.49772794495425
musdb_22,public_music,30,15,wav_32000_16,435244,31.347088019300088,24.49772794495425
musdb_22,public_music,30,20,wav_32000_16,435244,31.347088019300088,24.49772794495425
musdb_23,public_music,15,10,mp3_32000_32000,27584,16.04846429877677,10.365740474371574
musdb_23,public_music,15,15,mp3_44100_64000,55004,19.70080466218282,15.512110251203515
musdb_23,public_music,15,20,mp3_44100_96000,82486,23.64374217363359,20.17316969175291
musdb_23,public_music,20,10,mp3_16000_64000,55340,21.267195979548976,12.798993400731762
musdb_23,public_music,20,15,mp3_44100_96000,82486,23.64374217363359,20.17316969175291
musdb_23,public_music,20,20,mp3_44100_96000,82486,23.64374217363359,20.17316969175291
musdb_23,public_music,25,10,mp3_44100_128000,109966,25.135925117191178,23.130655868813662
musdb_23,public_music,25,15,mp3_44100_128000,109966,25.135925117191178,23.130655868813662
musdb_23,public_music,25,20,mp3_44100_128000,109966,25.135925117191178,23.130655868813662
musdb_23,public_music,30,10,aac_44100_128000,113258,30.589920749506796,22.57911272703014
musdb_23,public_music,30,15,aac_44100_128000,113258,30.589920749506796,22.57911272703014
musdb_23,public_music,30,20,aac_44100_128000,113258,30.589920749506796,22.57911272703014
musdb_24,public_music,15,10,mp3_32000_32000,27584,17.58084553579173,13.772846883396548
musdb_24,public_music,15,15,mp3_44100_64000,55004,21.099740489689133,17.899817705890843
musdb_24,public_music,15,20,mp3_16000_64000,55340,24.970885064158384,22.5537014635478
musdb_24,public_music,20,10,mp3_44100_64000,55004,21.099740489689133,17.899817705890843
musdb_24,public_music,20,15,mp3_44100_64000,55004,21.099740489689133,17.899817705890843
musdb_24,public_music,20,20,mp3_16000_64000,55340,24.970885064158384,22.5537014635478
musdb_24,public_music,25,10,aac_44100_64000,56905,25.082571917917033,20.017587546705236
musdb_24,public_music,25,15,aac_44100_64000,56905,25.082571917917033,20.017587546705236
musdb_24,public_music,25,20,aac_44100_64000,56905,25.082571917917033,20.017587546705236
musdb_24,public_music,30,10,aac_44100_128000,111600,33.160323650195025,25.360978107586163
musdb_24,public_music,30,15,aac_44100_128000,111600,33.160323650195025,25.360978107586163
musdb_24,public_music,30,20,aac_44100_128000,111600,33.160323650195025,25.360978107586163
musdb_25,public_music,15,10,mp3_44100_64000,55004,20.05251607304011,10.606705184140354
musdb_25,public_music,15,15,mp3_44100_96000,82486,24.193421442919064,17.606221097875874
musdb_25,public_music,15,20,mp3_44100_128000,109966,25.408238349975388,21.729771788027566
musdb_25,public_music,20,10,mp3_44100_64000,55004,20.05251607304011,10.606705184140354
musdb_25,public_music,20,15,mp3_44100_96000,82486,24.193421442919064,17.606221097875874
musdb_25,public_music,20,20,mp3_44100_128000,109966,25.408238349975388,21.729771788027566
musdb_25,public_music,25,10,mp3_44100_128000,109966,25.408238349975388,21.729771788027566
musdb_25,public_music,25,15,mp3_44100_128000,109966,25.408238349975388,21.729771788027566
musdb_25,public_music,25,20,mp3_44100_128000,109966,25.408238349975388,21.729771788027566
musdb_25,public_music,30,10,wav_32000_16,435244,44.214063291442315,32.79488511414354
musdb_25,public_music,30,15,wav_32000_16,435244,44.214063291442315,32.79488511414354
musdb_25,public_music,30,20,wav_32000_16,435244,44.214063291442315,32.79488511414354
musdb_26,public_music,15,10,mp3_32000_32000,27584,17.561962883911256,14.175636428766165
musdb_26,public_music,15,15,mp3_8000_32000,28268,19.517175618275065,15.017487166446733
musdb_26,public_music,15,20,mp3_16000_64000,55340,23.978139507906498,20.54268363711467
musdb_26,public_music,20,10,aac_8000_128000,38484,20.889424569547145,15.637433028264475
musdb_26,public_music,20,15,aac_8000_128000,38484,20.889424569547145,15.637433028264475
musdb_26,public_music,20,20,mp3_16000_64000,55340,23.978139507906498,20.54268363711467
musdb_26,public_music,25,10,aac_32000_96000,83009,26.16738017120535,21.225154047074348
musdb_26,public_music,25,15,aac_32000_96000,83009,26.16738017120535,21.225154047074348
musdb_26,public_music,25,20,aac_32000_96000,83009,26.16738017120535,21.225154047074348
musdb_26,public_music,30,10,aac_44100_128000,110702,33.581455140106094,27.55177199250359
musdb_26,public_music,30,15,aac_44100_128000,110702,33.581455140106094,27.55177199250359
musdb_26,public_music,30,20,aac_44100_128000,110702,33.581455140106094,27.55177199250359
musdb_27,public_music,15,10,mp3_44100_96000,82486,22.58709998330192,11.378851649320312
musdb_27,public_music,15,15,mp3_44100_128000,109966,24.6254400844156,16.242584240654473
musdb_27,public_music,15,20,wav_44100_16,599804,80.76596270291431,51.734750867058
musdb_27,public_music,20,10,mp3_44100_96000,82486,22.58709998330192,11.378851649320312
musdb_27,public_music,20,15,mp3_44100_128000,109966,24.6254400844156,16.242584240654473
musdb_27,public_music,20,20,wav_44100_16,599804,80.76596270291431,51.734750867058
musdb_27,public_music,25,10,aac_44100_128000,114499,26.821680349782998,14.012060836671532
musdb_27,public_music,25,15,wav_32000_16,435244,36.879269177167316,19.61491200557082
musdb_27,public_music,25,20,wav_44100_16,599804,80.76596270291431,51.734750867058
musdb_27,public_music,30,10,wav_32000_16,435244,36.879269177167316,19.61491200557082
musdb_27,public_music,30,15,wav_32000_16,435244,36.879269177167316,19.61491200557082
musdb_27,public_music,30,20,wav_44100_16,599804,80.76596270291431,51.734750867058
musdb_28,public_music,15,10,mp3_44100_96000,82486,22.99211715052582,12.90578474423879
musdb_28,public_music,15,15,mp3_32000_96000,82556,23.37969879174883,15.236982549993561
musdb_28,public_music,15,20,wav_32000_16,435244,38.296972755139095,24.137626372179405
musdb_28,public_music,20,10,mp3_44100_96000,82486,22.99211715052582,12.90578474423879
musdb_28,public_music,20,15,mp3_32000_96000,82556,23.37969879174883,15.236982549993561
musdb_28,public_music,20,20,wav_32000_16,435244,38.296972755139095,24.137626372179405
musdb_28,public_music,25,10,aac_44100_128000,117073,28.77035639205546,15.794565952437774
musdb_28,public_music,25,15,aac_44100_128000,117073,28.77035639205546,15.794565952437774
musdb_28,public_music,25,20,wav_32000_16,435244,38.296972755139095,24.137626372179405
musdb_28,public_music,30,10,wav_32000_16,435244,38.296972755139095,24.137626372179405
musdb_28,public_music,30,15,wav_32000_16,435244,38.296972755139095,24.137626372179405
musdb_28,public_music,30,20,wav_32000_16,435244,38.296972755139095,24.137626372179405
musdb_29,public_music,15,10,mp3_44100_64000,55004,19.84712763285832,11.123486865663057
musdb_29,public_music,15,15,mp3_44100_96000,82486,23.58079615084221,17.75636235269641
musdb_29,public_music,15,20,mp3_44100_128000,109966,25.145624695181958,21.87151975694058
musdb_29,public_music,20,10,mp3_32000_64000,55052,20.285287467033317,11.701416181307462
musdb_29,public_music,20,15,mp3_44100_96000,82486,23.58079615084221,17.75636235269641
musdb_29,public_music,20,20,mp3_44100_128000,109966,25.145624695181958,21.87151975694058
musdb_29,public_music,25,10,mp3_44100_128000,109966,25.145624695181958,21.87151975694058
musdb_29,public_music,25,15,mp3_44100_128000,109966,25.145624695181958,21.87151975694058
musdb_29,public_music,25,20,mp3_44100_128000,109966,25.145624695181958,21.87151975694058
musdb_29,public_music,30,10,wav_32000_16,435244,36.47389872519413,23.966731098272813
musdb_29,public_music,30,15,wav_32000_16,435244,36.47389872519413,23.966731098272813
musdb_29,public_music,30,20,wav_32000_16,435244,36.47389872519413,23.966731098272813
musdb_30,public_music,15,10,mp3_32000_32000,27584,15.113878129217007,10.544544256380217
musdb_30,public_music,15,15,mp3_44100_64000,55004,19.00473792258754,15.18135346703964
musdb_30,public_music,15,20,mp3_44100_96000,82486,23.68384464083244,20.534367181876128
musdb_30,public_music,20,10,mp3_32000_64000,55052,20.02436719038772,15.895375291190843
musdb_30,public_music,20,15,mp3_32000_64000,55052,20.02436719038772,15.895375291190843
musdb_30,public_music,20,20,mp3_44100_96000,82486,23.68384464083244,20.534367181876128
musdb_30,public_music,25,10,mp3_44100_128000,109966,25.129188400661107,23.32468752205694
musdb_30,public_music,25,15,mp3_44100_128000,109966,25.129188400661107,23.32468752205694
musdb_30,public_music,25,20,mp3_44100_128000,109966,25.129188400661107,23.32468752205694
musdb_30,public_music,30,10,wav_32000_8,217644,31.11125157943175,26.197926673135953
musdb_30,public_music,30,15,wav_32000_8,217644,31.11125157943175,26.197926673135953
musdb_30,public_music,30,20,wav_32000_8,217644,31.11125157943175,26.197926673135953
musdb_31,public_music,15,10,mp3_32000_32000,27584,19.877969946590234,12.689699280721673
musdb_31,public_music,15,15,mp3_44100_64000,55004,23.3118991579599,18.190859480037336
musdb_31,public_music,15,20,mp3_44100_96000,82486,25.46503524008125,22.18285448499993
musdb_31,public_music,20,10,mp3_44100_32000,27602,20.761622547820618,13.799505384736381
musdb_31,public_music,20,15,mp3_44100_64000,55004,23.3118991579599,18.190859480037336
musdb_31,public_music,20,20,mp3_44100_96000,82486,25.46503524008125,22.18285448499993
musdb_31,public_music,25,10,aac_8000_128000,35201,25.156366968080288,14.44113932319019
musdb_31,public_music,25,15,aac_16000_64000,59417,26.783265053917926,16.59390604558184
musdb_31,public_music,25,20,mp3_44100_96000,82486,25.46503524008125,22.18285448499993
musdb_31,public_music,30,10,aac_44100_128000,113229,33.618875382883274,21.442019167515618
musdb_31,public_music,30,15,aac_44100_128000,113229,33.618875382883274,21.442019167515618
musdb_31,public_music,30,20,aac_44100_128000,113229,33.618875382883274,21.442019167515618
musdb_32,public_music,15,10,mp3_44100_64000,55004,18.201518883614035,11.031877959291414
musdb_32,public_music,15,15,mp3_44100_96000,82486,23.04996707189751,17.48761065913659
musdb_32,public_music,15,20,mp3_44100_128000,109966,24.854149798731132,21.624023484972543
musdb_32,public_music,20,10,mp3_44100_96000,82486,23.04996707189751,17.48761065913659
musdb_32,public_music,20,15,mp3_44100_96000,82486,23.04996707189751,17.48761065913659
musdb_32,public_music,20,20,mp3_44100_128000,109966,24.854149798731132,21.624023484972543
musdb_32,public_music,25,10,opus_48000_128000,110118,25.16237211453722,21.339287079428413
musdb_32,public_music,25,15,opus_48000_128000,110118,25.16237211453722,21.339287079428413
musdb_32,public_music,25,20,opus_48000_128000,110118,25.16237211453722,21.339287079428413
musdb_32,public_music,30,10,wav_32000_16,435244,35.577033950624305,27.128640342326413
musdb_32,public_music,30,15,wav_32000_16,435244,35.577033950624305,27.128640342326413
musdb_32,public_music,30,20,wav_32000_16,435244,35.577033950624305,27.128640342326413
musdb_33,public_music,15,10,mp3_44100_64000,55004,17.29049242184959,10.139055407721356
musdb_33,public_music,15,15,mp3_44100_96000,82486,22.380196820025745,16.2583186900862
musdb_33,public_music,15,20,mp3_44100_128000,109966,24.58358468866241,20.843940308528552
musdb_33,public_music,20,10,mp3_44100_96000,82486,22.380196820025745,16.2583186900862
musdb_33,public_music,20,15,mp3_44100_96000,82486,22.380196820025745,16.2583186900862
musdb_33,public_music,20,20,mp3_44100_128000,109966,24.58358468866241,20.843940308528552
musdb_33,public_music,25,10,aac_44100_128000,112332,26.723167820255558,17.545104389388303
musdb_33,public_music,25,15,aac_44100_128000,112332,26.723167820255558,17.545104389388303
musdb_33,public_music,25,20,wav_32000_8,217644,27.989069866979065,20.587959270128835
musdb_33,public_music,30,10,wav_44100_8,299924,30.816733032338117,24.121018133765325
musdb_33,public_music,30,15,wav_44100_8,299924,30.816733032338117,24.121018133765325
musdb_33,public_music,30,20,wav_44100_8,299924,30.816733032338117,24.121018133765325
musdb_34,public_music,15,10,mp3_44100_96000,82486,21.964461030235608,14.201648623304514
musdb_34,public_music,15,15,mp3_44100_128000,109966,24.50291631499295,19.01545454801672
musdb_34,public_music,15,20,wav_32000_16,435244,34.37827360710616,22.446606965596345
musdb_34,public_music,20,10,mp3_44100_96000,82486,21.964461030235608,14.201648623304514
musdb_34,public_music,20,15,mp3_44100_128000,109966,24.50291631499295,19.01545454801672
musdb_34,public_music,20,20,wav_32000_16,435244,34.37827360710616,22.446606965596345
musdb_34,public_music,25,10,aac_44100_128000,112948,27.455817340313015,15.199190424438978
musdb_34,public_music,25,15,aac_44100_128000,112948,27.455817340313015,15.199190424438978
musdb_34,public_music,25,20,wav_32000_16,435244,34.37827360710616,22.446606965596345
musdb_34,public_music,30,10,wav_32000_16,435244,34.37827360710616,22.446606965596345
musdb_34,public_music,30,15,wav_32000_16,435244,34.37827360710616,22.446606965596345
musdb_34,public_music,30,20,wav_32000_16,435244,34.37827360710616,22.446606965596345
musdb_35,public_music,15,10,mp3_16000_32000,27728,15.964004624380973,11.483283769325162
musdb_35,public_music,15,15,mp3_44100_64000,55004,18.85463992772754,15.154624778412932
musdb_35,public_music,15,20,mp3_44100_96000,82486,23.37063813870101,20.251519773781407
musdb_35,public_music,20,10,mp3_16000_64000,55340,20.572905352199875,14.763983553854054
musdb_35,public_music,20,15,mp3_44100_96000,82486,23.37063813870101,20.251519773781407
musdb_35,public_music,20,20,mp3_44100_96000,82486,23.37063813870101,20.251519773781407
musdb_35,public_music,25,10,mp3_44100_128000,109966,25.059023010157002,23.113860985269472
musdb_35,public_music,25,15,mp3_44100_128000,109966,25.059023010157002,23.113860985269472
musdb_35,public_music,25,20,mp3_44100_128000,109966,25.059023010157002,23.113860985269472
musdb_35,public_music,30,10,wav_32000_8,217644,31.503704033123462,25.999521101401413
musdb_35,public_music,30,15,wav_32000_8,217644,31.503704033123462,25.999521101401413
musdb_35,public_music,30,20,wav_32000_8,217644,31.503704033123462,25.999521101401413
musdb_36,public_music,15,10,mp3_44100_64000,55004,15.070218446067802,11.994612670255654
musdb_36,public_music,15,15,mp3_44100_96000,82486,20.30867492549081,17.760259962228858
musdb_36,public_music,15,20,mp3_44100_128000,109966,23.231281683419848,21.205008455262234
musdb_36,public_music,20,10,mp3_44100_96000,82486,20.30867492549081,17.760259962228858
musdb_36,public_music,20,15,mp3_44100_96000,82486,20.30867492549081,17.760259962228858
musdb_36,public_music,20,20,mp3_44100_128000,109966,23.231281683419848,21.205008455262234
musdb_36,public_music,25,10,wav_32000_8,217644,27.30095651651982,23.421975912369465
musdb_36,public_music,25,15,wav_32000_8,217644,27.30095651651982,23.421975912369465
musdb_36,public_music,25,20,wav_32000_8,217644,27.30095651651982,23.421975912369465
musdb_36,public_music,30,10,wav_44100_8,299924,32.73343740282387,28.658606789245415
musdb_36,public_music,30,15,wav_44100_8,299924,32.73343740282387,28.658606789245415
musdb_36,public_music,30,20,wav_44100_8,299924,32.73343740282387,28.658606789245415
musdb_37,public_music,15,10,mp3_32000_32000,27584,18.037983894758565,11.18954836914045
musdb_37,public_music,15,15,mp3_44100_64000,55004,21.41005762577574,15.218102620768736
musdb_37,public_music,15,20,mp3_44100_128000,109966,25.52896406148943,22.476409988461302
musdb_37,public_music,20,10,aac_16000_32000,28466,20.007341562485315,10.732508732409048
musdb_37,public_music,20,15,mp3_44100_64000,55004,21.41005762577574,15.218102620768736
musdb_37,public_music,20,20,mp3_44100_128000,109966,25.52896406148943,22.476409988461302
musdb_37,public_music,25,10,aac_44100_96000,85682,26.08305680233116,15.451947109495425
musdb_37,public_music,25,15,aac_44100_96000,85682,26.08305680233116,15.451947109495425
musdb_37,public_music,25,20,mp3_44100_128000,109966,25.52896406148943,22.476409988461302
musdb_37,public_music,30,10,aac_44100_128000,115749,32.37013108045763,21.51337288692357
musdb_37,public_music,30,15,aac_44100_128000,115749,32.37013108045763,21.51337288692357
musdb_37,public_music,30,20,aac_44100_128000,115749,32.37013108045763,21.51337288692357
musdb_38,public_music,15,10,mp3_32000_32000,27584,19.291377861679344,14.00866558747811
musdb_38,public_music,15,15,wav_8000_8,54444,23.58496896288544,15.038489215088337
musdb_38,public_music,15,20,mp3_44100_96000,82486,25.01065008739456,22.05770942320749
musdb_38,public_music,20,10,mp3_44100_32000,27602,20.08493212706052,14.47050531924756
musdb_38,public_music,20,15,wav_8000_8,54444,23.58496896288544,15.038489215088337
musdb_38,public_music,20,20,mp3_44100_96000,82486,25.01065008739456,22.05770942320749
musdb_38,public_music,25,10,aac_16000_64000,60586,25.07267255360756,17.03273134172856
musdb_38,public_music,25,15,aac_16000_64000,60586,25.07267255360756,17.03273134172856
musdb_38,public_music,25,20,mp3_44100_96000,82486,25.01065008739456,22.05770942320749
musdb_38,public_music,30,10,aac_44100_128000,114194,32.031111032185706,21.496325913524576
musdb_38,public_music,30,15,aac_44100_128000,114194,32.031111032185706,21.496325913524576
musdb_38,public_music,30,20,aac_44100_128000,114194,32.031111032185706,21.496325913524576
musdb_39,public_music,15,10,mp3_16000_32000,27728,15.285034961243053,10.65202517559105
musdb_39,public_music,15,15,mp3_44100_96000,82486,22.810082228853645,19.496042651189807
musdb_39,public_music,15,20,mp3_44100_128000,109966,24.82300741898235,22.919345397340805
musdb_39,public_music,20,10,mp3_44100_96000,82486,22.810082228853645,19.496042651189807
musdb_39,public_music,20,15,mp3_44100_96000,82486,22.810082228853645,19.496042651189807
musdb_39,public_music,20,20,mp3_44100_128000,109966,24.82300741898235,22.919345397340805
musdb_39,public_music,25,10,aac_44100_128000,110405,26.735943187866283,17.91976925791978
musdb_39,public_music,25,15,aac_44100_128000,110405,26.735943187866283,17.91976925791978
musdb_39,public_music,25,20,wav_32000_8,217644,29.17916733739191,24.319265536804405
musdb_39,public_music,30,10,wav_32000_16,435244,38.40481128300364,30.071814272910665
musdb_39,public_music,30,15,wav_32000_16,435244,38.40481128300364,30.071814272910665
musdb_39,public_music,30,20,wav_32000_16,435244,38.40481128300364,30.071814272910665
musdb_40,public_music,15,10,mp3_32000_64000,55052,16.140037790114906,11.489620764732134
musdb_40,public_music,15,15,mp3_44100_96000,82486,20.33237684174905,15.927187457487683
musdb_40,public_music,15,20,opus_48000_128000,110118,22.66837438257567,20.559259897390913
musdb_40,public_music,20,10,mp3_44100_96000,82486,20.33237684174905,15.927187457487683
musdb_40,public_music,20,15,mp3_44100_96000,82486,20.33237684174905,15.927187457487683
musdb_40,public_music,20,20,opus_48000_128000,110118,22.66837438257567,20.559259897390913
musdb_40,public_music,25,10,wav_32000_8,217644,28.64448796120608,24.227675392349497
musdb_40,public_music,25,15,wav_32000_8,217644,28.64448796120608,24.227675392349497
musdb_40,public_music,25,20,wav_32000_8,217644,28.64448796120608,24.227675392349497
musdb_40,public_music,30,10,wav_44100_8,299924,30.732302972845563,26.40496713404037
musdb_40,public_music,30,15,wav_44100_8,299924,30.732302972845563,26.40496713404037
musdb_40,public_music,30,20,wav_44100_8,299924,30.732302972845563,26.40496713404037
musdb_41,public_music,15,10,mp3_16000_32000,27728,15.416819561407383,11.316809996518709
musdb_41,public_music,15,15,opus_48000_64000,55217,18.7557185721013,15.335857663150929
musdb_41,public_music,15,20,mp3_44100_128000,109966,24.833650696173443,22.63137695214468
musdb_41,public_music,20,10,mp3_16000_64000,55340,20.082514254892022,14.743667277058652
musdb_41,public_music,20,15,mp3_44100_96000,82486,23.006415291810853,19.790980444330224
musdb_41,public_music,20,20,mp3_44100_128000,109966,24.833650696173443,22.63137695214468
musdb_41,public_music,25,10,opus_48000_128000,110118,25.040570591311393,22.45529327180256
musdb_41,public_music,25,15,opus_48000_128000,110118,25.040570591311393,22.45529327180256
musdb_41,public_music,25,20,opus_48000_128000,110118,25.040570591311393,22.45529327180256
musdb_41,public_music,30,10,wav_32000_8,217644,30.850503099974095,26.947867943077487
musdb_41,public_music,30,15,wav_32000_8,217644,30.850503099974095,26.947867943077487
musdb_41,public_music,30,20,wav_32000_8,217644,30.850503099974095,26.947867943077487
musdb_42,public_music,15,10,mp3_44100_64000,55004,19.788395203492794,12.336968519474583
musdb_42,public_music,15,15,mp3_44100_96000,82486,23.85735239745815,18.752246778039478
musdb_42,public_music,15,20,mp3_44100_128000,109966,25.193514408799306,22.242903523348247
musdb_42,public_music,20,10,mp3_44100_96000,82486,23.85735239745815,18.752246778039478
musdb_42,public_music,20,15,mp3_44100_96000,82486,23.85735239745815,18.752246778039478
musdb_42,public_music,20,20,mp3_44100_128000,109966,25.193514408799306,22.242903523348247
musdb_42,public_music,25,10,mp3_44100_128000,109966,25.193514408799306,22.242903523348247
musdb_42,public_music,25,15,mp3_44100_128000,109966,25.193514408799306,22.242903523348247
musdb_42,public_music,25,20,mp3_44100_128000,109966,25.193514408799306,22.242903523348247
musdb_42,public_music,30,10,wav_32000_16,435244,36.64095789056702,27.517780715155844
musdb_42,public_music,30,15,wav_32000_16,435244,36.64095789056702,27.517780715155844
musdb_42,public_music,30,20,wav_32000_16,435244,36.64095789056702,27.517780715155844
musdb_43,public_music,15,10,mp3_16000_32000,27728,17.429117950654327,10.675857791985363
musdb_43,public_music,15,15,mp3_32000_64000,55052,20.747172925184046,15.029664541336851
musdb_43,public_music,15,20,mp3_44100_128000,109966,25.264041800249682,22.336887282220395
musdb_43,public_music,20,10,mp3_44100_64000,55004,20.25102369113747,13.672895525301882
musdb_43,public_music,20,15,mp3_32000_64000,55052,20.747172925184046,15.029664541336851
musdb_43,public_music,20,20,mp3_44100_128000,109966,25.264041800249682,22.336887282220395
musdb_43,public_music,25,10,mp3_44100_128000,109966,25.264041800249682,22.336887282220395
musdb_43,public_music,25,15,mp3_44100_128000,109966,25.264041800249682,22.336887282220395
musdb_43,public_music,25,20,mp3_44100_128000,109966,25.264041800249682,22.336887282220395
musdb_43,public_music,30,10,wav_32000_8,217644,30.469099518521485,24.104153833745592
musdb_43,public_music,30,15,wav_32000_8,217644,30.469099518521485,24.104153833745592
musdb_43,public_music,30,20,wav_32000_8,217644,30.469099518521485,24.104153833745592
musdb_44,public_music,15,10,mp3_44100_64000,55004,18.79001572461233,10.551035321985108
musdb_44,public_music,15,15,mp3_44100_96000,82486,23.480832340172093,17.625257021403037
musdb_44,public_music,15,20,mp3_44100_128000,109966,25.10494927239865,21.701687641228244
musdb_44,public_music,20,10,mp3_44100_96000,82486,23.480832340172093,17.625257021403037
musdb_44,public_music,20,15,mp3_44100_96000,82486,23.480832340172093,17.625257021403037
musdb_44,public_music,20,20,mp3_44100_128000,109966,25.10494927239865,21.701687641228244
musdb_44,public_music,25,10,mp3_44100_128000,109966,25.10494927239865,21.701687641228244
musdb_44,public_music,25,15,mp3_44100_128000,109966,25.10494927239865,21.701687641228244
musdb_44,public_music,25,20,mp3_44100_128000,109966,25.10494927239865,21.701687641228244
musdb_44,public_music,30,10,wav_32000_16,435244,38.23277566298471,27.74923254882391
musdb_44,public_music,30,15,wav_32000_16,435244,38.23277566298471,27.74923254882391
musdb_44,public_music,30,20,wav_32000_16,435244,38.23277566298471,27.74923254882391
musdb_45,public_music,15,10,mp3_44100_32000,27602,15.105719951600154,11.080940141754462
musdb_45,public_music,15,15,mp3_32000_64000,55052,19.453780305813982,15.13241119430677
musdb_45,public_music,15,20,mp3_44100_96000,82486,23.71194147906794,20.358088278844765
musdb_45,public_music,20,10,aac_16000_64000,55226,20.885457160038776,15.310810900666619
musdb_45,public_music,20,15,aac_16000_64000,55226,20.885457160038776,15.310810900666619
musdb_45,public_music,20,20,mp3_44100_96000,82486,23.71194147906794,20.358088278844765
musdb_45,public_music,25,10,aac_44100_96000,84203,25.27911816500233,20.508819583848428
musdb_45,public_music,25,15,aac_44100_96000,84203,25.27911816500233,20.508819583848428
musdb_45,public_music,25,20,aac_44100_96000,84203,25.27911816500233,20.508819583848428
musdb_45,public_music,30,10,wav_32000_16,435244,44.48373297040704,35.70768456998102
musdb_45,public_music,30,15,wav_32000_16,435244,44.48373297040704,35.70768456998102
musdb_45,public_music,30,20,wav_32000_16,435244,44.48373297040704,35.70768456998102
musdb_46,public_music,15,10,mp3_44100_64000,55004,21.803934483103586,11.057402296137592
musdb_46,public_music,15,15,mp3_44100_96000,82486,24.955075906878463,17.560883687008527
musdb_46,public_music,15,20,mp3_44100_128000,109966,25.718446087004637,22.27526401271209
musdb_46,public_music,20,10,mp3_44100_64000,55004,21.803934483103586,11.057402296137592
musdb_46,public_music,20,15,mp3_44100_96000,82486,24.955075906878463,17.560883687008527
musdb_46,public_music,20,20,mp3_44100_128000,109966,25.718446087004637,22.27526401271209
musdb_46,public_music,25,10,mp3_32000_96000,82556,25.13526749047559,19.214038385946257
musdb_46,public_music,25,15,mp3_32000_96000,82556,25.13526749047559,19.214038385946257
musdb_46,public_music,25,20,mp3_44100_128000,109966,25.718446087004637,22.27526401271209
musdb_46,public_music,30,10,aac_44100_128000,112017,34.160983136027866,21.457268036066978
musdb_46,public_music,30,15,aac_44100_128000,112017,34.160983136027866,21.457268036066978
musdb_46,public_music,30,20,aac_44100_128000,112017,34.160983136027866,21.457268036066978
musdb_47,public_music,15,10,mp3_16000_32000,27728,15.043958495228551,11.640140617551257
musdb_47,public_music,15,15,mp3_16000_64000,55340,19.894061015114556,15.674844590608174
musdb_47,public_music,15,20,mp3_44100_128000,109966,24.742716790333304,22.901150379050613
musdb_47,public_music,20,10,mp3_44100_96000,82486,22.725554163634794,19.654489349656938
musdb_47,public_music,20,15,mp3_44100_96000,82486,22.725554163634794,19.654489349656938
musdb_47,public_music,20,20,mp3_44100_128000,109966,24.742716790333304,22.901150379050613
musdb_47,public_music,25,10,aac_44100_128000,113535,27.03984779995398,20.24648791016105
musdb_47,public_music,25,15,aac_44100_128000,113535,27.03984779995398,20.24648791016105
musdb_47,public_music,25,20,aac_44100_128000,113535,27.03984779995398,20.24648791016105
musdb_47,public_music,30,10,wav_32000_16,435244,38.36093071878459,32.58926220627606
musdb_47,public_music,30,15,wav_32000_16,435244,38.36093071878459,32.58926220627606
musdb_47,public_music,30,20,wav_32000_16,435244,38.36093071878459,32.58926220627606
musdb_48,public_music,15,10,aac_8000_32000,28016,16.448664484171754,10.160405608574566
musdb_48,public_music,15,15,mp3_44100_96000,82486,23.513457376167505,19.216119188470152
musdb_48,public_music,15,20,mp3_44100_128000,109966,25.16720277547683,22.446719917365762
musdb_48,public_music,20,10,mp3_16000_64000,55340,21.60382182402424,14.726161899603838
musdb_48,public_music,20,15,mp3_44100_96000,82486,23.513457376167505,19.216119188470152
musdb_48,public_music,20,20,mp3_44100_128000,109966,25.16720277547683,22.446719917365762
musdb_48,public_music,25,10,mp3_44100_128000,109966,25.16720277547683,22.446719917365762
musdb_48,public_music,25,15,mp3_44100_128000,109966,25.16720277547683,22.446719917365762
musdb_48,public_music,25,20,mp3_44100_128000,109966,25.16720277547683,22.446719917365762
musdb_48,public_music,30,10,wav_32000_16,435244,41.75426632640499,30.303230948570548
musdb_48,public_music,30,15,wav_32000_16,435244,41.75426632640499,30.303230948570548
musdb_48,public_music,30,20,wav_32000_16,435244,41.75426632640499,30.303230948570548
musdb_49,public_music,15,10,mp3_32000_32000,27584,15.306967475462937,10.569814981210916
musdb_49,public_music,15,15,opus_48000_64000,55217,19.057572763731933,15.084491825675272
musdb_49,public_music,15,20,mp3_44100_128000,109966,24.845945766245627,22.428383781078686
musdb_49,public_music,20,10,mp3_16000_64000,55340,21.121199339537092,13.402662619551869
musdb_49,public_music,20,15,mp3_44100_96000,82486,23.27326733962692,19.599187420083858
musdb_49,public_music,20,20,mp3_44100_128000,109966,24.845945766245627,22.428383781078686
musdb_49,public_music,25,10,opus_48000_128000,110118,25.523505629098562,22.447855270678424
musdb_49,public_music,25,15,opus_48000_128000,110118,25.523505629098562,22.447855270678424
musdb_49,public_music,25,20,opus_48000_128000,110118,25.523505629098562,22.447855270678424
musdb_49,public_music,30,10,wav_44100_8,299924,30.46549391200866,26.671374469730736
musdb_49,public_music,30,15,wav_44100_8,299924,30.46549391200866,26.671374469730736
musdb_49,public_music,30,20,wav_44100_8,299924,30.46549391200866,26.671374469730736
